rank,story_id,title,main_category,subcategory,book_title,author,version,readiness,hook,emotion,share,save,voice,arc,video,trust,total,decision,recommended_format,reason,fact_check_note
1,1410,Varsayımda bulunmamak — üçüncü anlaşma,Felsefe,Felsefe,Dört Anlaşma,Don Miguel Ruiz,1,Temel,15,9,14,14,10,10,19,4,95,Öncelikli video,Reel + Carousel,"Partnerin öfkesi sanılırken migren çıkması kusursuz ters köşe; “sor, varsayma” doğrudan uygulanıyor.",Kaynak kontrolü önerilir
2,1534,Havacılıktan öğrenmek — başarı kültürü vs öğrenme kültürü,Felsefe,Öğrenme,Black Box Thinking,Matthew Syed,1,Temel,14,9,14,13,9,10,20,5,94,Öncelikli video,Reel + Carousel,"Tenerife faciasından doğan kara kutu kültürü yüksek gerilim, kayıp ve net dersle olağanüstü güçlü anlatı sunuyor.",Standart doğrulama
3,1483,Columbia uzay mekiği ve sessizlik bedeli,Liderlik,Yönetim,The Fearless Organization,Amy Edmondson,1,Temel,14,9,14,13,9,10,19,5,93,Öncelikli video,Reel + Carousel,"Columbia faciasındaki sessizlik yüksek risk, insan hatası ve acı sonuçla son derece güçlü bir liderlik videosu.",Standart doğrulama
4,1339,Huffington'ın çöküşü,Sağlık,Sağlık,Uyku Devrimi,Arianna Huffington,1,Temel,15,9,13,13,9,10,19,4,92,Öncelikli video,Reel + Carousel,"Masada bayılma anı, “bu başarı mı?” sorusu ve yaşam dönüşü çok güçlü bir kısa video omurgası kuruyor.",Kaynak kontrolü önerilir
5,1369,FBI rehine müzakeresi,İletişim,Müzakere,İnsanı Anlamak,Chris Voss,1,Temel,15,9,13,13,9,10,19,4,92,Öncelikli video,Reel + Carousel,"Rehine krizinde mantığın çökmesi ve taktiksel empatiye dönüş yüksek gerilimli, uygulanabilir bir öykü.",Kaynak kontrolü önerilir
6,1456,Phantom limb — hayalet uzuv ve beynin gerçeği,Psikoloji,Nörobilim,Beynin Sırları,V.S. Ramachandran,1,Temel,14,9,14,13,9,10,18,5,92,Öncelikli video,Reel + Carousel,"Fantom ağrı ve ayna kutusu şaşırtıcı dönüşüm, somut nesne ve güçlü çözüm anıyla kusursuza yakın video verir.",Standart doğrulama
7,1430,Değişim istemek ile değişmek istemek,Psikoloji,Psikoloji,Terapi,Lori Gottlieb,1,Temel,15,9,13,13,10,10,18,4,92,Öncelikli video,Reel + Carousel,"Değişim isteyen hastanın aslında çevresini değiştirmek istemesi güçlü, tanıdık ve konuşma açan bir ayna.",Kaynak kontrolü önerilir
8,1504,Mevzisel müzakere tuzağı,İletişim,Müzakere,Müzakerede Evet Almak,Roger Fisher,1,Temel,14,8,14,15,9,10,17,5,92,Öncelikli video,Reel + Carousel,"İki kardeş ve tek portakal, pozisyon-çıkar ayrımını tek sahnede öğretir; son derece görsel ve kaydedilebilir.",Standart doğrulama
9,1701,Basit Bir Kontrol Listesi Kaç Hayat Kurtarabilir?,Sağlık,Sağlık,The Checklist Manifesto,Atul Gawande,2,Zengin,14,9,13,13,9,10,18,5,91,Öncelikli video,Reel + Carousel,Somut sahne ve sayısal ayrıntı güçlü bir video açılışı sağlıyor; paylaşılabilirlik yeterli.,Standart doğrulama
10,1472,Uyku ve yaratıcı problem çözme,Verimlilik,Verimlilik,Dinlenmenin Gücü,Alex Soojung-Kim Pang,1,Temel,14,9,14,13,9,10,17,5,91,Öncelikli video,Reel + Carousel,"Loewi'nin rüyada bulduğu deney net gerilim, keşif ve kanıt içeriyor; kısa video anlatısı olağanüstü güçlü.",Standart doğrulama
11,1547,Moore Yasası ve bileşik büyümenin kavranmayan gücü,Bilim,Teknoloji,İkinci Makine Çağı,Erik Brynjolfsson,1,Temel,14,9,14,13,9,10,17,5,91,Öncelikli video,Reel + Carousel,Satranç tahtasındaki pirinç taneleri üstel büyümeyi gözle görünür kılıyor; finaldeki dev sayı paylaşımı tetikler.,Standart doğrulama
12,1161,İtfaiyecinin ölümcül sezgisi,Psikoloji,Psikoloji,Sezgi Gücü,Malcolm Gladwell,1,Temel,15,10,13,13,10,8,17,5,91,Öncelikli video,Reel + Carousel,"Sessiz yangın, ani tahliye ve çöken zemin kusursuz gerilim; sezginin deneyim sınırını da doğru kuruyor.",Standart doğrulama
13,1205,Hazinenin geri dönüşü,Büyüme,İlham,Kaybedilen Cennet,Paulo Coelho,1,Temel,15,10,13,13,10,8,17,5,91,Öncelikli video,Reel + Carousel,"Piramitlerde aranan hazinenin başlangıç noktasında çıkması eksiksiz, sinematik ve duygusal bir anlatı yayı.",Standart doğrulama
14,1219,Harvard'ın 85 yıllık mutluluk araştırması,Psikoloji,Mutluluk,The Good Life,Robert Waldinger,1,Temel,15,10,13,15,10,8,17,3,91,Öncelikli video,Reel + Carousel,85 yıllık araştırmanın ilişkiler sonucu evrensel ve güçlü; tek gerçek belirleyici ifadesi fazla mutlak.,Kaynak kontrolü şart
15,1118,H.M.'nin sonsuz şimdi'si,Psikoloji,Nörobilim,Beyin Fırtınası,David Eagleman,1,Temel,15,10,13,14,10,8,16,5,91,Öncelikli video,Reel + Carousel,Her gün yeniden tanışan H.M. sahnesi hem yürek burkucu hem bilimsel; gelecek-hafıza bağı unutulmuyor.,Standart doğrulama
16,1720,24 Reçel Neden 6 Reçelden Daha Az Sattı?,Psikoloji,Psikoloji,The Paradox of Choice,Barry Schwartz,2,Zengin,15,7,14,13,9,7,20,5,90,Öncelikli video,Reel + Carousel,Somut sahne ve sayısal ayrıntı güçlü bir video açılışı sağlıyor; olay örgüsü geliştirilmeli.,Standart doğrulama
17,1788,Aslandan Kaçan Zebra,Sağlık,Sağlık,Why Zebras Don't Get Ulcers,Robert M. Sapolsky,F6,Zengin,14,10,15,11,10,8,19,3,90,Öncelikli video,Soru odaklı Reel,Duygusal karşıtlık paylaşma ve kişisel anlatma isteğini yükseltiyor; olay örgüsü yeterli.,Kaynak kontrolü şart
18,1694,Seabiscuit Büyük Buhran'a Nasıl Umut Oldu?,Tarih,Tarih,Seabiscuit,Laura Hillenbrand,2,Zengin,13,10,14,11,9,9,19,5,90,Öncelikli video,Soru odaklı Reel,Somut sahne ve sayısal ayrıntı güçlü bir video açılışı sağlıyor; ilk saniye etkisi yeterli.,Standart doğrulama
19,1284,Hazine hep başladığın yerde,Büyüme,İlham,Kaybedilen Cennet,Paulo Coelho,1,Temel,15,9,13,11,9,9,19,5,90,Öncelikli video,Soru odaklı Reel,"Hazinenin başlangıçta çıkması güçlü ters köşe, şiirsel sonuç ve kusursuz kısa video kurgusu sağlıyor.",Standart doğrulama
20,1303,Hindinin yanlış öğrenimi,Felsefe,Düşünme,Siyah Kuğu,Nassim Taleb,1,Temel,15,8,13,13,9,9,19,4,90,Öncelikli video,Reel + Carousel,"Her gün beslenen hindinin Şükran Günü dönüşü kusursuz merak, ters köşe ve görsel anlatım sağlıyor.",Kaynak kontrolü önerilir
21,1321,Polaroid'in anlık cevabı,Verimlilik,Yaratıcılık,Güçlü Sorular,Warren Berger,1,Temel,15,8,13,13,9,9,19,4,90,Öncelikli video,Reel + Carousel,"Çocuğun basit sorusundan Polaroid’e geçiş sıcak, şaşırtıcı ve kusursuz görselleştirilebilir bir inovasyon öyküsü.",Kaynak kontrolü önerilir
22,1345,Kot pantolon ve felç edici özgürlük,Psikoloji,Psikoloji,The Paradox of Choice,Barry Schwartz,1,Temel,15,8,13,13,9,9,19,4,90,Öncelikli video,Reel + Carousel,"Kot mağazasında saatlerce kalıp mutsuz çıkmak seçim paradoksunu canlı, komik ve net biçimde gösteriyor.",Kaynak kontrolü önerilir
23,1417,Cirque du Soleil ve yeni pazar yaratma,Liderlik,Strateji,Mavi Okyanus Stratejisi,W. Chan Kim,1,Temel,15,9,13,13,9,9,19,3,90,Öncelikli video,Reel + Carousel,Ölen sirkten yetişkin tiyatrosuna geçiş son derece sinematik; palyaço ve sektör ayrıntıları düzeltilmeli.,Kaynak kontrolü şart
24,1572,Ortak amaç — 'neden' sorusu kültürü bir arada tutar,Liderlik,Liderlik,Kültür Kodu,Daniel Coyle,1,Temel,14,9,14,13,9,9,17,5,90,Öncelikli video,Reel + Carousel,"Tylenol krizinde değerlerin milyon dolarlık kararı yönlendirmesi yüksek riskli, net ve güvenilir bir marka öyküsü.",Standart doğrulama
25,1115,Ronald Read'in görünmez serveti,Finans,Finans,The Psychology of Money,Morgan Housel,1,Temel,15,10,13,14,9,8,17,4,90,Öncelikli video,Reel + Carousel,"Temizlikçiden gizli milyonere ve bağışa uzanan ters köşe güçlü duygu, güven ve paylaşım isteği yaratıyor.",Kaynak kontrolü önerilir
26,1119,Kör nokta ve beynin uydurma sanatı,Psikoloji,Nörobilim,Beyin Fırtınası,David Eagleman,1,Temel,15,8,13,14,10,8,17,5,90,Öncelikli video,Reel + Carousel,"İzleyicinin uygulayacağı kör nokta deneyi güçlü sürpriz, görsel kanıt ve algı üzerine sohbet üretir.",Standart doğrulama
27,1170,Sistem 1 ve Sistem 2,Psikoloji,Psikoloji,Karar Verme Sanatı,Daniel Kahneman,1,Temel,15,8,13,14,10,8,17,5,90,Öncelikli video,Reel + Carousel,10 sent tuzağı izleyiciyi doğrudan oyuna alır; anında ters köşe ve güvenilir düşünme dersi üretir.,Standart doğrulama
28,1693,Shackleton'ın 800 Millik Kurtuluş Yolculuğu,Tarih,Tarih,Endurance,Alfred Lansing,2,Zengin,14,8,14,10,9,10,19,5,89,Video kuyruğu,Soru odaklı Reel,Somut sahne ve sayısal ayrıntı güçlü bir video açılışı sağlıyor; paylaşılabilirlik yeterli.,Standart doğrulama
29,1707,Metroda Bir Cümle Bütün Hikâyeyi Nasıl Değiştirdi?,Büyüme,Kişisel Gelişim,The 7 Habits of Highly Effective People,Stephen Covey,2,Zengin,12,10,14,11,10,9,19,4,89,Video kuyruğu,Soru odaklı Reel,Duygusal karşıtlık paylaşma ve kişisel anlatma isteğini yükseltiyor; ilk saniye etkisi yeterli.,Kaynak kontrolü önerilir
30,1494,Sosyal bağlantı ve iyileşme,Psikoloji,Psikoloji,Kayıp Bağlantılar,Johann Hari,1,Temel,15,10,15,13,9,8,17,2,89,Video kuyruğu,Reel + Carousel,"Kamboçyalı çiftçi ve inek hikâyesi çok insani, görsel ve umutlu; tedavi sonucu tek örneğe indirgenmemeli.",Kaynak kontrolü şart
31,1501,Sezginin gerçek değeri,Tarih,Güvenlik,Korkudan Öğrenmek,Gavin de Becker,1,Temel,14,10,15,12,9,8,17,4,89,Video kuyruğu,Reel + Carousel,Asansördeki saldırı sezginin hayat kurtardığı yoğun bir sahne; gerilim ve çıkarım videoya kusursuz taşınır.,Kaynak kontrolü önerilir
32,1546,Satranç makinesi ve insan-makine işbirliği,Bilim,Teknoloji,İkinci Makine Çağı,Erik Brynjolfsson,1,Temel,15,9,15,12,9,8,17,4,89,Video kuyruğu,Reel + Carousel,Kasparov'u yenen insan-makine takımı beklenmedik galip ve güçlü gelecek mesajıyla çok dikkat çekici.,Kaynak kontrolü önerilir
33,1441,Kapı tasarımı ve hata yerine kullanıcıyı suçlamak,Verimlilik,Tasarım,Gündelik Nesneler Tasarımı,Don Norman,1,Temel,14,8,14,13,9,9,17,5,89,Video kuyruğu,Reel + Carousel,Norman kapısı herkesin yaşadığı bir hayal kırıklığını tek görüntüyle anlatıyor; video için çok güçlü.,Standart doğrulama
34,1535,Bilişsel uyumsuzluk — hatayı kabul edememenin psikolojisi,Felsefe,Öğrenme,Black Box Thinking,Matthew Syed,1,Temel,14,9,14,13,9,8,17,5,89,Video kuyruğu,Reel + Carousel,Kıyamet tarikatının başarısız kehanet sonrası daha çok inanması şaşırtıcı; bilişsel çelişkiyi unutulmaz kılıyor.,Standart doğrulama
35,1584,Anlam — para ve statünün ötesindeki arayış,Verimlilik,Yaratıcılık,Bütün Beyin,Daniel Pink,1,Temel,14,9,14,13,9,8,17,5,89,Video kuyruğu,Reel + Carousel,Frankl'ın kampta anlamla hayatta kalma anlatısı derin duygu ve dönüşüm taşır; saygılı işlendiğinde çok güçlü.,Standart doğrulama
36,1086,Martin Luther King'in hayali,Liderlik,Liderlik,Başlangıç Noktası,Simon Sinek,1,Temel,15,10,13,12,10,8,17,4,89,Video kuyruğu,Reel + Carousel,"Hazır metinden hayal konuşmasına geçiş ikonik, duygusal ve kusursuz bir kısa video dönüm noktası sunuyor.",Kaynak kontrolü önerilir
37,1462,Hafıza şampiyonlarıyla yarışmak,Felsefe,Öğrenme,Kalıcı Hafıza,Joshua Foer,1,Temel,14,9,14,14,9,8,16,5,89,Video kuyruğu,Reel + Carousel,Sıradan gazeteciden hafıza şampiyonuna dönüşüm net bir kahraman yolculuğu ve güçlü umut duygusu taşıyor.,Standart doğrulama
38,1096,Tepki verme özgürlüğü — Viktor Frankl'dan öğrenilen ders,Büyüme,Kişisel Gelişim,The 7 Habits of Highly Effective People,Stephen Covey,1,Temel,15,10,13,14,10,8,16,3,89,Video kuyruğu,Reel + Carousel,Auschwitz'de son özgürlük fikri çok güçlü; sözün tam kaynağı ve hassas tarihsel çerçeve korunmalı.,Kaynak kontrolü şart
39,1792,Barışı Öğrenen Sürü,Sağlık,Sağlık,Why Zebras Don't Get Ulcers,Robert M. Sapolsky,F6,Zengin,13,10,15,8,10,9,20,3,88,Video kuyruğu,Soru odaklı Reel,Duygusal karşıtlık paylaşma ve kişisel anlatma isteğini yükseltiyor; ilk saniye etkisi yeterli.,Kaynak kontrolü şart
40,1749,Okyanusta 47 Gün: Louis Zamperini,Tarih,Tarih,Unbroken,Laura Hillenbrand,2,Zengin,13,10,14,9,9,9,19,5,88,Video kuyruğu,Soru odaklı Reel,Somut sahne ve sayısal ayrıntı güçlü bir video açılışı sağlıyor; ilk saniye etkisi yeterli.,Standart doğrulama
41,1695,Çernobil Gecesi Kontrol Odasında Ne Oldu?,Tarih,Tarih,Midnight in Chernobyl,Adam Higginbotham,2,Zengin,14,7,13,12,8,10,19,5,88,Video kuyruğu,Reel + Carousel,Somut sahne ve sayısal ayrıntı güçlü bir video açılışı sağlıyor; paylaşılabilirlik yeterli.,Standart doğrulama
42,1748,Everest'te Saat İkiyi Geçince,Tarih,Tarih,Into Thin Air,Jon Krakauer,2,Zengin,14,9,13,10,9,9,19,5,88,Video kuyruğu,Soru odaklı Reel,Somut sahne ve sayısal ayrıntı güçlü bir video açılışı sağlıyor; paylaşılabilirlik yeterli.,Standart doğrulama
43,1489,Rat Park deneyi — bağımlılığın gerçek nedeni,Felsefe,Toplum,Bağımlılık Çağı,Johann Hari,1,Temel,14,10,15,13,9,8,17,2,88,Video kuyruğu,Reel + Carousel,Rat Park deneyinin kafes karşıtlığı unutulmaz görsel ve duygu taşır; geniş bağımlılık sonucu temkinli sunulmalı.,Kaynak kontrolü şart
44,1536,Marginal kazanımlar — Tour de France'ta bisiklet ekibi devrimi,Felsefe,Öğrenme,Black Box Thinking,Matthew Syed,1,Temel,13,8,14,15,9,7,17,5,88,Video kuyruğu,Reel + Carousel,Britanya bisiklet takımının yüzde birlik kazanımları net önce-sonra dönüşümü ve bol görsel ayrıntı taşıyor.,Standart doğrulama
45,1162,Sahte antika ve uzman gözü,Psikoloji,Psikoloji,Sezgi Gücü,Malcolm Gladwell,1,Temel,15,9,13,13,9,8,17,4,88,Video kuyruğu,Reel + Carousel,On dört aylık testleri tek bakışla bozan sahte heykel mükemmel ters köşe; ayrıntılar kaynakla desteklenmeli.,Kaynak kontrolü önerilir
46,1123,Michael Phelps'in görselleştirme rutini,Sağlık,Alışkanlıklar,Alışkanlıkların Gücü,Charles Duhigg,1,Temel,15,9,12,14,9,8,17,4,88,Video kuyruğu,Reel + Carousel,Suyla dolan gözlükle kör yüzüp rekor kırmak olağanüstü görsel dönüm noktası ve uygulanabilir prova dersi.,Kaynak kontrolü önerilir
47,1447,"Hayat kısa değil, biz onu israf ediyoruz",Felsefe,Felsefe,Hayatın Kısalığı Üzerine,Seneca,1,Temel,14,9,14,14,9,7,16,5,88,Video kuyruğu,Reel + Carousel,Seneca'nın hayat kısa değil sözü evrensel pişmanlığa dokunuyor; alıntı ve seslendirme için çok güçlü.,Standart doğrulama
48,1463,Hafıza sarayı ve uzamsal kodlama,Felsefe,Öğrenme,Kalıcı Hafıza,Joshua Foer,1,Temel,13,8,14,15,9,8,16,5,88,Video kuyruğu,Reel + Carousel,Simonides'in çöken salonu hafıza sarayını dramatik köken öyküsüyle anlatıyor; hem görsel hem uygulanabilir.,Standart doğrulama
49,1516,Anne testi nedir,Verimlilik,Girişimcilik,Müşteri Geliştirme,Rob Fitzpatrick,1,Temel,14,8,14,15,9,7,16,5,88,Video kuyruğu,Reel + Carousel,Anne Testi girişimcinin en yaygın yanılgısını komik ve uygulanabilir biçimde çözüyor; paylaşım gücü çok yüksek.,Standart doğrulama
50,1619,Şeytan döngüsü — saldır ve çekil sarmalı,İletişim,İlişkiler,İlişki Psikolojisi,Sue Johnson,1,Temel,13,9,14,14,9,8,16,5,88,Video kuyruğu,Reel + Carousel,Kovalayan-kaçan döngü çiftlerin kendini hemen gördüğü duygusal bir sahne; çözüm adımları videoyu tamamlıyor.,Standart doğrulama
51,1152,Toplama kampında anlam arayışı,Felsefe,Felsefe,Büyük Soru,Viktor Frankl,1,Temel,15,10,13,14,10,8,16,2,88,Video kuyruğu,Reel + Carousel,Auschwitz'de anlamla tutunma son derece güçlü; hayatta kalma nedeni ve alıntılar hassas biçimde doğrulanmalı.,Kaynak kontrolü şart
52,1729,Filler Ayaklarıyla Kilometrelerce Öteyi Nasıl Dinliyor?,Psikoloji,Psikoloji,An Immense World,Ed Yong,2,Zengin,13,9,14,11,9,8,19,4,87,Video kuyruğu,Soru odaklı Reel,Duygusal karşıtlık paylaşma ve kişisel anlatma isteğini yükseltiyor; olay örgüsü yeterli.,Kaynak kontrolü önerilir
53,1697,Bronz Madalya Kazananlar Neden Daha Mutlu?,Psikoloji,Psikoloji,The Power of Regret,Daniel H. Pink,2,Zengin,15,9,14,10,9,7,18,5,87,Video kuyruğu,Soru odaklı Reel,Somut sahne ve sayısal ayrıntı güçlü bir video açılışı sağlıyor; olay örgüsü geliştirilmeli.,Standart doğrulama
54,1542,Napkin'de doğan fikirler — büyük kararların basit başlangıçları,Verimlilik,Yaratıcılık,Peçete Arkası,Dan Roam,1,Temel,14,8,14,13,9,7,17,5,87,Video kuyruğu,Reel + Carousel,"Southwest'ın peçetedeki üçgeni stratejiyi tek çizime indiriyor; basit, görsel ve güçlü bir dönüşüm anlatısı.",Standart doğrulama
55,1734,Uçağı Beş Dakika Kaçırmak Neden Otuz Dakikadan Daha Çok Acıtır?,Finans,İş & Girişim,The Undoing Project,Michael Lewis,2,Zengin,14,10,14,11,10,8,17,3,87,Video kuyruğu,Soru odaklı Reel,Duygusal karşıtlık paylaşma ve kişisel anlatma isteğini yükseltiyor; olay örgüsü yeterli.,Kaynak kontrolü şart
56,1718,Sezar Rubicon’u Geçtiğinde Neden Geri Dönüş Yoktu?,Psikoloji,Mutluluk,Rubicon,Tom Holland,2,Zengin,13,9,13,12,9,9,17,5,87,Video kuyruğu,Reel + Carousel,Somut sahne ve sayısal ayrıntı güçlü bir video açılışı sağlıyor; görselleştirme yeterli.,Standart doğrulama
57,1732,Kokpitte Kaptana İtiraz Etmek Neden Bir Güvenlik Kuralına Dönüştü?,Felsefe,Öğrenme,Black Box Thinking,Matthew Syed,2,Zengin,13,9,13,12,9,9,17,5,87,Video kuyruğu,Reel + Carousel,Somut sahne ve sayısal ayrıntı güçlü bir video açılışı sağlıyor; görselleştirme yeterli.,Standart doğrulama
58,1088,Zappos'un sıfır stoklu ilk satışı,Verimlilik,Girişimcilik,Büyük Sıçrayış,Eric Ries,1,Temel,15,8,12,14,9,8,17,4,87,Video kuyruğu,Reel + Carousel,"Stoksuz ilk satış, para kaybı ve milyarlık çıkış net bir deney ve güçlü görsel dönüşüm oluşturuyor.",Kaynak kontrolü önerilir
59,1112,Michelin rehberinin doğuşu,Finans,Pazarlama,Purple Cow,Seth Godin,1,Temel,15,8,12,13,9,8,17,5,87,Video kuyruğu,Reel + Carousel,"Lastik satmak için restoran rehberi üretmek şaşırtıcı, gerçek ve kusursuz biçimde görselleştirilebilir.",Standart doğrulama
60,1121,Alcoa'nın beklenmedik dönüşümü,Sağlık,Alışkanlıklar,Alışkanlıkların Gücü,Charles Duhigg,1,Temel,15,8,12,14,9,8,17,4,87,Video kuyruğu,Reel + Carousel,Wall Street'in deli dediği güvenlik hedefinin beş kat değere dönüşmesi kusursuz iş hikâyesi akışı sunuyor.,Kaynak kontrolü önerilir
61,1448,Ertelemenin ölümcül yanılgısı,Felsefe,Felsefe,Hayatın Kısalığı Üzerine,Seneca,1,Temel,15,9,14,13,9,7,16,4,87,Video kuyruğu,Reel + Carousel,Ölüm döşeğinden gelen erteleme uyarısı ilk saniyede çarpar; izleyiciyi paylaşmaya ve harekete iter.,Kaynak kontrolü önerilir
62,1486,Johann Hari'nin telefon deneyi,Verimlilik,Verimlilik,Çalınan Dikkat,Johann Hari,1,Temel,14,9,14,14,9,7,16,4,87,Video kuyruğu,Reel + Carousel,Üç aylık telefonsuz deney net önce-sonra dönüşümü sunuyor; herkesin cebindeki soruna dokunduğu için çok güçlü.,Kaynak kontrolü önerilir
63,1525,Berbat ilk taslak,Finans,Finans,Parça Parça Yazmak,Anne Lamott,1,Temel,13,9,13,15,9,7,16,5,87,Video kuyruğu,Reel + Carousel,Berbat ilk taslak izni yaratıcıların utancını anında çözer; akılda kalıcı adıyla çok kaydedilir ve paylaşılır.,Standart doğrulama
64,1558,Acıyı ikiye katlamak — birincil ve ikincil acı,Psikoloji,Farkındalık,Radikal Kabul,Tara Brach,1,Temel,13,9,13,15,9,7,16,5,87,Video kuyruğu,Reel + Carousel,"Birinci ve ikinci ok metaforu acı ile zihinsel direnci ayırıyor; evrensel, görsel ve hemen uygulanabilir.",Standart doğrulama
65,1197,Vietnam gazilerinin dondurulmuş anları,Sağlık,Sağlık,Bedenin Sesi,Bessel van der Kolk,1,Temel,15,10,12,12,10,8,16,4,87,Video kuyruğu,Reel + Carousel,Kapı sesinde savaşa dönen beden son derece sarsıcı; travmayı bedende anlatan güçlü ve hassas bir hikâye.,Kaynak kontrolü önerilir
66,1786,Dört Bin Haftalık Ömür,Verimlilik,Verimlilik,Four Thousand Weeks,Oliver Burkeman,F5,Zengin,14,6,15,13,9,7,18,4,86,Video kuyruğu,Reel + Carousel,"Uygulanabilir çerçeve, hikâyeyi geri dönüp kaydetmeye değer kılıyor; olay örgüsü geliştirilmeli.",Kaynak kontrolü önerilir
67,1765,Fırçayı Dudağında Sivriltmek,Psikoloji,Psikoloji,The Radium Girls,Kate Moore,2,Zengin,13,9,14,10,9,8,18,5,86,Video kuyruğu,Soru odaklı Reel,Somut sahne ve sayısal ayrıntı güçlü bir video açılışı sağlıyor; olay örgüsü yeterli.,Standart doğrulama
68,1264,Edison'ın fabrika yangını,Felsefe,Felsefe,Engel Yolu Açar,Ryan Holiday,1,Temel,14,8,13,12,9,9,18,3,86,Video kuyruğu,Reel + Carousel,"Yangın, beklenmedik tepki ve yeniden başlama sözü kusursuz kısa video akışı kuruyor; alıntılar teyit edilmeli.",Kaynak kontrolü şart
69,1311,Gecikme ve sabırsızlık tuzağı,Felsefe,Düşünme,Thinking in Systems,Donella Meadows,1,Temel,14,7,13,13,9,8,18,4,86,Video kuyruğu,Reel + Carousel,"Soğuk duştan kavurucu suya salınım, sistem gecikmesini herkesin anlayacağı canlı bir mini hikâyeye dönüştürüyor.",Kaynak kontrolü önerilir
70,1315,Instagram'ın pivot mucizesi,Bilim,Ürün,Müşteriyi Anlamak,Nir Eyal,1,Temel,14,7,13,12,9,9,18,4,86,Video kuyruğu,Reel + Carousel,"Burbn’dan tek özelliğe, oradan Instagram’a pivot net bir gerilim, veri dönüşü ve görsel akış kuruyor.",Kaynak kontrolü önerilir
71,1363,Dave Goldberg'i kaybetmek,Büyüme,Dayanıklılık,Zihinsel Dayanıklılık,Sheryl Sandberg,1,Temel,14,9,13,11,10,9,18,2,86,Video kuyruğu,Soru odaklı Reel,Ani eş kaybından Option B’ye geçiş çok güçlü; “otuz yıllık evlilik” gibi biyografik ayrıntılar hatalı.,Kaynak kontrolü şart
72,1726,Mendel’in Bezelyeleri Neden Otuz Yıl Sessiz Kaldı?,Psikoloji,Psikoloji,The Gene,Siddhartha Mukherjee,2,Zengin,13,8,13,12,9,8,18,5,86,Video kuyruğu,Reel + Carousel,Somut sahne ve sayısal ayrıntı güçlü bir video açılışı sağlıyor; olay örgüsü yeterli.,Standart doğrulama
73,1330,Değerlerin hiyerarşisi,Büyüme,Kişisel Gelişim,Özgür Olmak,Mark Manson,1,Temel,14,7,13,13,10,8,17,4,86,Video kuyruğu,Reel + Carousel,“Hangi acıya değer?” sorusu kışkırtıcı ama yapıcı; sonucu değil süreci seçme fikri güçlü paylaşılır.,Kaynak kontrolü önerilir
74,1725,2008 Krizi Tony Robbins’in Sorusunu Nasıl Değiştirdi?,Finans,Finans,Money: Master the Game,Tony Robbins,2,Zengin,13,9,13,12,8,9,17,5,86,Video kuyruğu,Reel + Carousel,Somut sahne ve sayısal ayrıntı güçlü bir video açılışı sağlıyor; görselleştirme yeterli.,Standart doğrulama
75,1731,George Ferris Paris’in Kulesine Nasıl Cevap Verdi?,Psikoloji,Mutluluk,The Devil in the White City,Erik Larson,2,Zengin,13,8,13,12,9,9,17,5,86,Video kuyruğu,Reel + Carousel,Somut sahne ve sayısal ayrıntı güçlü bir video açılışı sağlıyor; görselleştirme yeterli.,Standart doğrulama
76,1120,Bölünmüş beyin ve iki ben,Psikoloji,Nörobilim,Beyin Fırtınası,David Eagleman,1,Temel,15,8,12,13,9,8,17,4,86,Video kuyruğu,Reel + Carousel,Bir elin bildiğini dilin bilememesi ve uydurulan gerekçe çarpıcı; iki ben yorumu nüans gerektiriyor.,Kaynak kontrolü önerilir
77,1238,Katlanarak büyüme paradoksu,Bilim,Teknoloji,Doğrusal Olmayan Gelecek,Ray Kurzweil,1,Temel,15,7,12,14,9,7,17,5,86,Video kuyruğu,Reel + Carousel,Otuzuncu gün dolan havuz üstel büyümeyi tek animasyonla öğretir; güçlü sürpriz ve kayıt değeri taşır.,Standart doğrulama
78,1117,Yeterince zengin olmak — tatminsizlik tuzağı,Finans,Finans,The Psychology of Money,Morgan Housel,1,Temel,14,8,12,14,10,7,16,5,86,Video kuyruğu,Reel + Carousel,"Yüz milyon dolara rağmen düşüş, yeterli kavramına güçlü bedel ve evrensel bir öz değerlendirme sorusu katıyor.",Standart doğrulama
79,1142,Arenada dövüşmek,Büyüme,Kişisel Gelişim,Cesaret Vermek,Brené Brown,1,Temel,14,9,12,13,10,7,16,5,86,Video kuyruğu,Reel + Carousel,"Toz, ter ve kan içindeki arena sözü çok görsel; eleştiri korkusuna evrensel ve duygulu bir yanıt veriyor.",Standart doğrulama
80,1172,Linda problemi ve konjunksiyon hatası,Psikoloji,Psikoloji,Karar Verme Sanatı,Daniel Kahneman,1,Temel,15,8,12,13,9,8,16,5,86,Video kuyruğu,Reel + Carousel,Linda seçimi izleyiciyi hataya düşürüp açıklamasıyla ödüllendiriyor; kısa video için çok güçlü.,Standart doğrulama
81,1180,Korkuyla dans etmek,Verimlilik,Yaratıcılık,Yaratıcı Olmak,Elizabeth Gilbert,1,Temel,14,9,12,13,10,7,16,5,86,Video kuyruğu,Reel + Carousel,"Korkunun arabaya binip direksiyona geçmemesi çok güçlü, evrensel ve görsel bir yaratıcı cesaret metaforu.",Standart doğrulama
82,1425,Düşünceler gerçek değildir,Psikoloji,Farkındalık,Mindfulness,Jon Kabat-Zinn,1,Temel,13,8,12,14,10,8,16,5,86,Video kuyruğu,Reel + Carousel,"“Bu gerçek mi, düşünce mi?” ayrımı duygusal, uygulanabilir ve klinik çerçevesi ölçülü bir içgörü sunuyor.",Standart doğrulama
83,1804,Sekiz Mikserlik Sinyal,Liderlik,Liderlik,Grinding It Out,Ray Kroc,C2,Zengin,13,6,14,11,9,9,19,4,85,Video kuyruğu,Soru odaklı Reel,Duygusal karşıtlık paylaşma ve kişisel anlatma isteğini yükseltiyor; ilk saniye etkisi yeterli.,Kaynak kontrolü önerilir
84,1759,Ölmeyi Reddeden Hücreler,Psikoloji,Psikoloji,The Immortal Life of Henrietta Lacks,Rebecca Skloot,2,Zengin,14,10,14,9,8,9,18,3,85,Video kuyruğu,Soru odaklı Reel,Somut sahne ve sayısal ayrıntı güçlü bir video açılışı sağlıyor; görselleştirme yeterli.,Kaynak kontrolü şart
85,1402,Hush Puppies'in gizemli dirilişi,Felsefe,Sosyoloji,Devrilme Noktası,Malcolm Gladwell,1,Temel,14,7,13,12,9,9,18,3,85,Video kuyruğu,Reel + Carousel,Ölmekte olan ayakkabının reklamsız patlaması güçlü sosyal salgın öyküsü; satış rakamları teyit edilmeli.,Kaynak kontrolü şart
86,1710,Dokuz İşçi Sınıfı Genci Berlin’de Tarihe Nasıl Dokundu?,Tarih,Tarih,The Boys in the Boat,Daniel James Brown,2,Zengin,13,9,13,12,8,9,18,3,85,Video kuyruğu,Reel + Carousel,Somut sahne ve sayısal ayrıntı güçlü bir video açılışı sağlıyor; paylaşılabilirlik yeterli.,Kaynak kontrolü şart
87,1279,Zırh kuşanmak ve yalnızlık,Liderlik,Liderlik,Karanlığın Ötesi,Brené Brown,1,Temel,14,8,13,12,9,9,17,3,85,Video kuyruğu,Reel + Carousel,CEO’nun sessizliği ve Brown’ın karşı sorusu kusursuz bir açılış-dönüş kuruyor; görüşmenin kaynağı belirtilmeli.,Kaynak kontrolü şart
88,1370,Hayır'ın gücü,İletişim,Müzakere,İnsanı Anlamak,Chris Voss,1,Temel,13,7,13,14,9,8,17,4,85,Video kuyruğu,Reel + Carousel,“Evet değil hayır” önerisi güçlü bir ters köşe; iki örnek tekniği hemen denenebilir hale getiriyor.,Kaynak kontrolü önerilir
89,1764,Zehirin Cezasız Kaldığı Çağ,Psikoloji,Psikoloji,The Poisoner's Handbook,Deborah Blum,2,Zengin,13,9,13,12,8,8,17,5,85,Video kuyruğu,Reel + Carousel,Somut sahne ve sayısal ayrıntı güçlü bir video açılışı sağlıyor; olay örgüsü yeterli.,Standart doğrulama
90,1191,Howard Hughes'un çöküşü,Felsefe,Felsefe,Ego Is the Enemy,Ryan Holiday,1,Temel,15,9,12,11,9,8,17,4,85,Video kuyruğu,Soru odaklı Reel,"Milyarder mucitten karanlık otel odasına düşüş güçlü, görsel ve paylaşılabilir bir trajik yay kuruyor.",Kaynak kontrolü önerilir
91,1312,Pasta dükkanı sahibinin hatası,Verimlilik,Girişimcilik,İşin Özü,Michael Gerber,1,Temel,14,7,12,14,9,9,17,3,85,Video kuyruğu,Reel + Carousel,Pasta ustasının iş yönetimine gömülmesi tanıdık ve güçlü bir dönüş; isim/cinsiyet hatası düzeltilmeli.,Kaynak kontrolü şart
92,1125,Neden liderler en son yer?,Liderlik,Liderlik,Liderlik Sanatı,Simon Sinek,1,Temel,14,9,12,13,10,7,16,4,85,Video kuyruğu,Reel + Carousel,Son tabağı alan subay görüntüsü liderliği tek davranışta somutlaştırıyor ve güçlü sohbet açıyor.,Kaynak kontrolü önerilir
93,1349,Geri çağırma pratiği ve illüzyon bilgisi,Felsefe,Öğrenme,Öğrenmeyi Öğrenmek,Peter Brown,1,Temel,13,7,12,15,9,8,16,5,85,Video kuyruğu,Reel + Carousel,"“Anlıyorum” yanılgısından kitap kapalı teste geçiş güçlü, kanıtlı ve hemen uygulanabilir bir öğrenme tekniği.",Standart doğrulama
94,1781,Kanla Kurulan Bir Yalan,Liderlik,Liderlik,Bad Blood,John Carreyrou,2,Zengin,13,7,14,9,9,9,19,4,84,Revize et,Kart testi,Duygusal karşıtlık paylaşma ve kişisel anlatma isteğini yükseltiyor; ilk saniye etkisi yeterli.,Kaynak kontrolü önerilir
95,1696,Bedavanın Gizli Maliyeti,Psikoloji,Psikoloji,Predictably Irrational,Dan Ariely,2,Zengin,13,7,14,10,9,9,18,4,84,Revize et,Kart testi,Duygusal karşıtlık paylaşma ve kişisel anlatma isteğini yükseltiyor; ilk saniye etkisi yeterli.,Kaynak kontrolü önerilir
96,1692,Lincoln Neden Rakiplerini Kabinesine Aldı?,Tarih,Tarih,Rakipler Takımı,Doris Kearns Goodwin,2,Zengin,13,8,13,9,9,9,18,5,84,Revize et,Kart testi,Somut sahne ve sayısal ayrıntı güçlü bir video açılışı sağlıyor; paylaşılabilirlik yeterli.,Standart doğrulama
97,1717,Nicholas Carr Neden Bir Kitabı Bitiremez Oldu?,Bilim,Teknoloji,The Shallows,Nicholas Carr,2,Zengin,12,9,13,11,9,8,18,4,84,Revize et,Carousel,Duygusal karşıtlık paylaşma ve kişisel anlatma isteğini yükseltiyor; olay örgüsü yeterli.,Kaynak kontrolü önerilir
98,1730,Tim Ferriss Şirketinden Uzaklaşınca Neden İşler Düzelmeye Başladı?,Verimlilik,Verimlilik,The 4-Hour Workweek,Tim Ferriss,2,Zengin,12,8,13,11,9,9,18,4,84,Revize et,Carousel,Duygusal karşıtlık paylaşma ve kişisel anlatma isteğini yükseltiyor; ilk saniye etkisi yeterli.,Kaynak kontrolü önerilir
99,1736,En İyi Ekipler Neden Daha Çok Hata Bildiriyordu?,Liderlik,Yönetim,The Fearless Organization,Amy Edmondson,2,Zengin,12,9,13,11,8,9,18,4,84,Revize et,Carousel,Duygusal karşıtlık paylaşma ve kişisel anlatma isteğini yükseltiyor; ilk saniye etkisi yeterli.,Kaynak kontrolü önerilir
100,1740,İtalya’daki Espresso Barı Starbucks Toplantısını Nasıl Değiştirdi?,Finans,Pazarlama,Pour Your Heart Into It,Howard Schultz ve Dori Jones Yang,2,Zengin,12,9,13,11,9,8,18,4,84,Revize et,Carousel,Duygusal karşıtlık paylaşma ve kişisel anlatma isteğini yükseltiyor; olay örgüsü yeterli.,Kaynak kontrolü önerilir
101,1741,Ryan Holiday Neden Sakinliği Bir Performans Gücü Saydı?,Felsefe,Felsefe,Stillness Is the Key,Ryan Holiday,2,Zengin,12,9,13,11,8,9,18,4,84,Revize et,Carousel,Duygusal karşıtlık paylaşma ve kişisel anlatma isteğini yükseltiyor; ilk saniye etkisi yeterli.,Kaynak kontrolü önerilir
102,1612,Zengin görünmek ile zengin olmak — sessiz servetin sırrı,Finans,Finans,Komşu Milyoner,Thomas Stanley,1,Temel,13,8,14,13,8,7,17,4,84,Revize et,Carousel,Gizli zengin ile gösterişli borçlu karşıtlığı statü kültürüne dokunur; güçlü karakter ve görsel kontrast taşır.,Kaynak kontrolü önerilir
103,1222,Marilyn Monroe'nun soyunma odası,İletişim,İletişim,Karizmatik Olmak,Olivia Fox Cabane,1,Temel,15,9,13,11,9,8,17,2,84,Revize et,Carousel,Monroe'nun saniyeler içinde görünür olması kusursuz kamera sahnesi; anekdotun özgün kaynağı doğrulanmalı.,Kaynak kontrolü şart
104,1573,Öz meşrulaştırma — zihin nasıl kendini korur,Psikoloji,Psikoloji,Hataları Kucaklamak,Carol Tavris,1,Temel,13,8,13,12,8,8,17,5,84,Revize et,Carousel,DNA ile aklanan mahkûm karşısında savcının direnci rahatsız edici gerilimle öz gerekçelendirmeyi görünür kılıyor.,Standart doğrulama
105,1597,Mikrobiyom — içimizdeki gizli organ,Sağlık,Sağlık,İyi Bağırsak,Justin Sonnenburg,1,Temel,13,8,13,14,9,7,17,3,84,Revize et,Carousel,Mikrobiyomu gizli organ olarak göstermek şaşırtıcı ve görsel; sağlık sonuçları nüanslı verildiğinde çok güçlü.,Kaynak kontrolü şart
106,1598,Beyin-bağırsak aksı — duygu ve mikrop bağlantısı,Sağlık,Sağlık,İyi Bağırsak,Justin Sonnenburg,1,Temel,14,8,13,13,8,8,17,3,84,Revize et,Carousel,"Fareler arası mikrobiyota aktarımı net deney, dönüşüm ve görsel karşıtlık sunar; insanlara genelleme sınırlanmalı.",Kaynak kontrolü şart
107,1600,Yanlış nefes almak — sessiz salgın,Sağlık,Sağlık,Nefes,James Nestor,1,Temel,13,8,13,14,8,8,17,3,84,Revize et,Carousel,Sadece ağızdan nefes alma deneyi çarpıcı önce-sonra görüntüleri taşır; protokol ve sağlık sonuçları doğrulanmalı.,Kaynak kontrolü şart
108,1603,Wim Hof'un dağı — imkansız olduğu söylenenin kanıtı,Sağlık,Sağlık,Soğuk Yöntem,Wim Hof,1,Temel,13,8,13,13,9,8,17,3,84,Revize et,Carousel,Wim Hof'un buz içindeki bedeni olağanüstü görsel ve gerilimlidir; sonuçlar güvenli sınırlarla anlatılmalı.,Kaynak kontrolü şart
109,1609,Maliyet paradoksu — daha fazla ödemek daha az kazandırır,Finans,Finans,Mantıklı Borsa,John Bogle,1,Temel,13,7,13,15,8,7,17,4,84,Revize et,Carousel,Küçük fon ücretinin dev emeklilik kaybına dönüşmesi güçlü sayı animasyonu ve acil eylem duygusu yaratır.,Kaynak kontrolü önerilir
110,1722,Pixar’da Bir Filmi Kurtaran Toplantının Patronu Yoktu,Finans,Pazarlama,"Creativity, Inc.",Ed Catmull ve Amy Wallace,2,Zengin,13,8,13,12,8,8,17,5,84,Revize et,Carousel,Somut sahne ve sayısal ayrıntı güçlü bir video açılışı sağlıyor; olay örgüsü yeterli.,Standart doğrulama
111,1733,Beş Küçük Rica Chicken Soup’u Nasıl Fenomene Dönüştürdü?,Büyüme,Motivasyon,The Success Principles,Jack Canfield,2,Zengin,12,9,13,11,9,9,17,4,84,Revize et,Carousel,Duygusal karşıtlık paylaşma ve kişisel anlatma isteğini yükseltiyor; ilk saniye etkisi yeterli.,Kaynak kontrolü önerilir
112,1735,Lencioni Neden Takım Sorununu Strateji Değil Güven Diye Okudu?,Liderlik,Liderlik,The Five Dysfunctions of a Team,Patrick Lencioni,2,Zengin,12,9,13,11,9,9,17,4,84,Revize et,Carousel,Duygusal karşıtlık paylaşma ve kişisel anlatma isteğini yükseltiyor; ilk saniye etkisi yeterli.,Kaynak kontrolü önerilir
113,1737,Marie Kondo Neden “Bu Bana Neşe Veriyor mu?” Diye Sordu?,Felsefe,Yaşam,The Life-Changing Magic of Tidying Up,Marie Kondo,2,Zengin,12,9,13,11,9,9,17,4,84,Revize et,Carousel,Duygusal karşıtlık paylaşma ve kişisel anlatma isteğini yükseltiyor; ilk saniye etkisi yeterli.,Kaynak kontrolü önerilir
114,1754,Zenginliğin Ölümcül Olduğu Topraklar,Tarih,Tarih,Killers of the Flower Moon,David Grann,2,Zengin,13,8,13,11,9,8,17,5,84,Revize et,Carousel,Somut sahne ve sayısal ayrıntı güçlü bir video açılışı sağlıyor; olay örgüsü yeterli.,Standart doğrulama
115,1766,Görünmeyen Katili Yıkamak,Psikoloji,Psikoloji,The Butchering Art,Lindsey Fitzharris,2,Zengin,13,8,13,11,9,8,17,5,84,Revize et,Carousel,Somut sahne ve sayısal ayrıntı güçlü bir video açılışı sağlıyor; olay örgüsü yeterli.,Standart doğrulama
116,1101,Hal Elrod'un ölümden dönüşü,Sağlık,Alışkanlıklar,Sabah Rutini,Hal Elrod,1,Temel,15,10,12,12,9,8,17,1,84,Revize et,Carousel,Klinik ölümden sabah rutinine dönüşüm çok sinematik; iki ayda borç ve hayat değişimi ciddi doğrulama ister.,Kaynak kontrolü şart
117,1453,Sekiz gün sekiz yıla bedel,Psikoloji,Mutluluk,Neşeyi Seç,Dalai Lama,1,Temel,13,8,13,13,9,7,16,5,84,Revize et,Carousel,Dalai Lama ile Desmond Tutu'nun sekiz günlük buluşması sıcak karakterler ve güçlü bir neşe vaadi taşıyor.,Standart doğrulama
118,1471,Darwin'in yürüyüş yolu,Verimlilik,Verimlilik,Dinlenmenin Gücü,Alex Soojung-Kim Pang,1,Temel,13,7,13,14,9,7,16,5,84,Revize et,Carousel,Darwin'in dört saatlik çalışma düzeni üretkenlik mitini ters yüz ediyor; yürüyüş sahneleriyle kolayca paylaşılır.,Standart doğrulama
119,1526,Bir inç çerçevesi,Finans,Finans,Parça Parça Yazmak,Anne Lamott,1,Temel,13,7,13,15,8,7,16,5,84,Revize et,Carousel,Bir inçlik çerçeve büyük işi küçültüp yapılabilir kılıyor; güçlü nesne metaforu videoda hemen anlaşılır.,Standart doğrulama
120,1537,10.000 saat efsanesi ve Anders Ericsson'un gerçek bulgusu,Liderlik,Başarı,Sıçramak,Matthew Syed,1,Temel,13,7,13,15,9,7,16,4,84,Revize et,Carousel,On bin saat mitini bozan bilinçli pratik ayrımı popüler bir inancı düzeltir ve uygulanabilir öneriler verir.,Kaynak kontrolü önerilir
121,1553,Sahte uyum tuzağı — çatışmadan kaçmak neden ekibi yavaşlatır,Liderlik,Liderlik,The Five Dysfunctions of a Team,Patrick Lencioni,1,Temel,13,8,13,13,9,7,16,5,84,Revize et,Carousel,Sahte uyumun gerçek çatışmadan tehlikeli olması güçlü ters köşe; ekip yaşayan herkes için paylaşılabilir.,Standart doğrulama
122,1562,Otomatik pilot — zihnin nerede olduğundan habersiz yaşamak,Sağlık,Sağlık,Farkındalık Temelli Yaşam,Jon Kabat-Zinn,1,Temel,13,8,13,14,8,7,16,5,84,Revize et,Carousel,Otomatik pilotta geçen hayat herkesi dürten güçlü bir ayna; gündelik sahnelerle çok kolay videolaşır.,Standart doğrulama
123,1571,Kırılganlığın döngüsü — zayıflık göstermek gücü artırır,Liderlik,Liderlik,Kültür Kodu,Daniel Coyle,1,Temel,13,8,13,13,9,7,16,5,84,Revize et,Carousel,Pixar liderinin önce kendi hatasını anlatması savunmasızlığı sahne üzerinde gösterir; güçlü ekip dersi verir.,Standart doğrulama
124,1576,Ödül paradoksu — para motivasyonu öldürebilir,Büyüme,Motivasyon,İşte Anlam,Daniel Pink,1,Temel,13,8,13,14,8,7,16,5,84,Revize et,Carousel,Ödül verilen çocukların resme ilgisini kaybetmesi şaşırtıcı ve duygulu; ebeveynler arasında çok paylaşılır.,Standart doğrulama
125,1591,Healthspan — uzun yaşamak değil iyi yaşamak,Sağlık,Sağlık,Uzun Ömür,Peter Attia,1,Temel,13,8,13,14,9,7,16,4,84,Revize et,Carousel,Seksen beşinde merdiven çıkma hedefi yaşam süresini somut bir sahneye çeviriyor; güçlü kaydetme motivasyonu verir.,Kaynak kontrolü önerilir
126,1593,Egzersiz — tek ilaç gibi çalışan tek değişken,Sağlık,Sağlık,Uzun Ömür,Peter Attia,1,Temel,13,8,13,14,8,7,16,5,84,Revize et,Carousel,"Egzersizi ilaç gibi reçete etmek net, motive edici ve uygulanabilir; geniş kitle için güçlü kayıt içeriği.",Standart doğrulama
127,1611,Piyasa zamanlaması yanılgısı — içeride kalmak neden her şeyden önemli,Finans,Finans,Mantıklı Borsa,John Bogle,1,Temel,13,7,13,15,9,7,16,4,84,Revize et,Carousel,Piyasanın en iyi günlerini kaçırma grafiği zamanlama dürtüsünü çarpıcı biçimde tersine çeviriyor.,Kaynak kontrolü önerilir
128,1615,Çığlık atan bebek ve kar topu — borcun psikolojik savaşı,Finans,Finans,Borç Devrimi,Dave Ramsey,1,Temel,13,8,13,14,8,7,16,5,84,Revize et,Carousel,Borç kartlarını birer birer kapatma kar topu yöntemi net ilerleme ve güçlü duygusal ödül sunuyor.,Standart doğrulama
129,1618,Duygusal bağ — yetişkin bağlanmasının temel ihtiyacı,İletişim,İlişkiler,İlişki Psikolojisi,Sue Johnson,1,Temel,13,8,13,14,8,7,16,5,84,Revize et,Carousel,"Üç bağlanma sorusu ilişkide kendini tanımayı tetikliyor; sesli not, kaydetme ve paylaşım değeri çok yüksek.",Standart doğrulama
130,1100,Övgünün tehlikeli iki yüzü,Psikoloji,Psikoloji,Zihin Gücü,Carol Dweck,1,Temel,14,8,12,14,9,7,16,4,84,Revize et,Carousel,"Zekisin ve çalıştın övgülerinin ayrışması net deney, ebeveynlik değeri ve yüksek paylaşım gücü sunuyor.",Kaynak kontrolü önerilir
131,1116,Şans ve risk — Bill Gates'in okul arkadaşı,Finans,Finans,The Psychology of Money,Morgan Housel,1,Temel,14,9,12,12,10,7,16,4,84,Revize et,Carousel,Aynı okuldaki iki arkadaş üzerinden şans ve risk karşıtlığı başarı anlatısını insancıllaştırıyor.,Kaynak kontrolü önerilir
132,1136,Karakter ve ahlakın kökeni,Psikoloji,Psikoloji,Sosyal Hayvan,David Brooks,1,Temel,14,8,12,13,10,7,16,4,84,Revize et,Carousel,Kol çekmek ile insan itmek arasındaki aynı matematik izleyiciyi anında taraf olmaya zorlayan güçlü deney.,Kaynak kontrolü önerilir
133,1143,Her sabah yatağını topla,Büyüme,Motivasyon,Fark Yaratmak,William H. McRaven,1,Temel,14,8,12,13,9,7,16,5,84,Revize et,Carousel,"Toplu yatakla başlayan dünya değişimi yalın, gerçek, görsel ve hemen uygulanabilir bir viral fikir.",Standart doğrulama
134,1164,Beatles'ın Hamburg günleri,Liderlik,Başarı,10.000 Saat Kuralı,Malcolm Gladwell,1,Temel,14,9,12,13,9,8,16,3,84,Revize et,Carousel,Hamburg'un yorucu sahnelerinden dünya şöhretine akış güçlü; 10 bin saat sonucu fazla basitleştiriliyor.,Kaynak kontrolü şart
135,1182,Bileşik faizin sihri,Finans,Finans,Money: Master the Game,Tony Robbins,1,Temel,15,8,12,15,9,7,16,2,84,Revize et,Carousel,Sıradan maaştan 70 milyona dönüşüm çok çarpıcı ve kaydedilir; oran ile tutar mutlaka doğrulanmalı.,Kaynak kontrolü şart
136,1187,Paraşütle atlayan kadın,Büyüme,Motivasyon,Korkusuzluk,Susan Jeffers,1,Temel,14,9,12,12,10,7,16,4,84,Revize et,Carousel,Korku geçmeden atlanan uçak güçlü fiziksel sahne ve kişisel cesaret sorusu oluşturuyor.,Kaynak kontrolü önerilir
137,1190,Epiktetos'un özgürlüğü,Felsefe,Felsefe,Stillness Is the Key,Ryan Holiday,1,Temel,14,9,12,13,10,7,16,3,84,Revize et,Carousel,Kırılan bacak karşısındaki sakin söz unutulmaz; tarihsel ayrıntılar tartışmalı olsa da ders çok güçlü.,Kaynak kontrolü şart
138,1236,Kahraman ve rehber,Finans,Pazarlama,Hikaye Anlatıcısı,Donald Miller,1,Temel,14,7,12,14,9,7,16,5,84,Revize et,Carousel,"Müşteriyi Luke, markayı Yoda yapmak anında anlaşılır, paylaşılır ve pazarlama için kaydedilir.",Standart doğrulama
139,1094,Büyük taşlar ve kavanoz dersi,Büyüme,Kişisel Gelişim,The 7 Habits of Highly Effective People,Stephen Covey,1,Temel,13,8,11,14,10,8,16,4,84,Revize et,Carousel,Kavanoz deneyi tek bakışta anlaşılır; öncelikleri yazma ve sesli düşünme isteği güçlüdür.,Kaynak kontrolü önerilir
140,1610,Haystack'i satın al — tüm samanlığı almak neden kazandırır,Finans,Finans,Mantıklı Borsa,John Bogle,1,Temel,13,8,13,14,8,8,15,5,84,Revize et,Carousel,Samanlıkta iğne aramak yerine samanlığı satın almak endeks yatırımını unutulmaz ve kaydedilir kılıyor.,Standart doğrulama
141,1148,"Sınır koymak ilişkileri yıkmaz, güçlendirir",Büyüme,Kişisel Gelişim,Sınırlar,Nedra Tawwab,1,Temel,14,9,12,13,10,7,15,4,84,Revize et,Carousel,Sınırın ilişkiyi bozmayıp bozukluğu görünür kılması güçlü karşıtlık ve yoğun kişisel paylaşım dürtüsü yaratıyor.,Kaynak kontrolü önerilir
142,1704,İyi Niyetli Bir Tabela Hırsızlığı Nasıl Artırdı?,Psikoloji,Psikoloji,Influence,Robert Cialdini,2,Zengin,14,5,14,12,7,8,19,4,83,Revize et,Carousel,"Uygulanabilir çerçeve, hikâyeyi geri dönüp kaydetmeye değer kılıyor; olay örgüsü yeterli.",Kaynak kontrolü önerilir
143,1721,Kıtalar Bir Yapboz Gibi Uyuşuyorsa Tesadüf müydü?,Psikoloji,Psikoloji,A Short History of Nearly Everything,Bill Bryson,2,Zengin,12,8,13,11,8,9,18,4,83,Revize et,Carousel,Duygusal karşıtlık paylaşma ve kişisel anlatma isteğini yükseltiyor; ilk saniye etkisi yeterli.,Kaynak kontrolü önerilir
144,1292,McDonald's aslında ne satıyor?,Finans,Finans,Zengin Baba Fakir Baba,Robert Kiyosaki,1,Temel,14,7,13,12,9,8,17,3,83,Revize et,Carousel,Hamburgerden gayrimenkule dönüş güçlü bir iş dünyası ters köşesi; alıntı ve mülkiyet modeli teyit edilmeli.,Kaynak kontrolü şart
145,1300,Şempanze testi ve insan yanılgısı,Felsefe,Düşünme,Akıl Yürütme,Hans Rosling,1,Temel,14,7,13,11,9,8,17,4,83,Revize et,Carousel,Şempanzenin uzmanları geçmesi çok güçlü ve görsel bir ters köşe; veri okuryazarlığı mesajı net sonuçlanıyor.,Kaynak kontrolü önerilir
146,1475,Tarım devrimi — insanlığın en büyük aldatmacası,Tarih,Tarih,İnsanlığın Kısa Tarihi,Yuval Noah Harari,1,Temel,13,8,13,12,9,7,17,4,83,Revize et,Carousel,Tarım devriminin tuzak oluşu büyük bir tarihsel ters köşe; görsel zaman çizgisiyle çok dikkat çeker.,Kaynak kontrolü önerilir
147,1708,Bir Gazete Haberi Zekâ Tanımını Nasıl Değiştirdi?,Psikoloji,Psikoloji,Emotional Intelligence,Daniel Goleman,2,Zengin,12,8,13,11,9,9,17,4,83,Revize et,Carousel,Duygusal karşıtlık paylaşma ve kişisel anlatma isteğini yükseltiyor; ilk saniye etkisi yeterli.,Kaynak kontrolü önerilir
148,1711,Zengin Görünmek ile Zengin Olmak Arasındaki Fark,Finans,Finans,The Simple Path to Wealth,J. L. Collins,2,Zengin,12,9,13,11,9,8,17,4,83,Revize et,Carousel,Duygusal karşıtlık paylaşma ve kişisel anlatma isteğini yükseltiyor; olay örgüsü yeterli.,Kaynak kontrolü önerilir
149,1742,Bir Telefon Görüşmesi Neden Mutluluk Araştırmasına Dönüştü?,Psikoloji,Mutluluk,The Good Life,Robert Waldinger,2,Zengin,12,9,13,11,9,8,17,4,83,Revize et,Carousel,Duygusal karşıtlık paylaşma ve kişisel anlatma isteğini yükseltiyor; olay örgüsü yeterli.,Kaynak kontrolü önerilir
150,1745,Kağıdı Batıya Taşıyan Savaş,Tarih,Tarih,The Silk Roads,Peter Frankopan,2,Zengin,13,8,13,9,9,9,17,5,83,Revize et,Kart testi,Somut sahne ve sayısal ayrıntı güçlü bir video açılışı sağlıyor; görselleştirme yeterli.,Standart doğrulama
151,1752,Sessizlik Antlaşması Nasıl Çözüldü?,Tarih,Tarih,Say Nothing,Patrick Radden Keefe,2,Zengin,13,8,13,11,9,7,17,5,83,Revize et,Carousel,Somut sahne ve sayısal ayrıntı güçlü bir video açılışı sağlıyor; olay örgüsü geliştirilmeli.,Standart doğrulama
152,1758,Bakterilerin Sakladığı Makas,Psikoloji,Psikoloji,The Code Breaker,Walter Isaacson,2,Zengin,13,7,13,12,8,8,17,5,83,Revize et,Carousel,Somut sahne ve sayısal ayrıntı güçlü bir video açılışı sağlıyor; olay örgüsü yeterli.,Standart doğrulama
153,1193,Edison'ın fabrika yangını,Felsefe,Felsefe,Engel Yolu Açar,Ryan Holiday,1,Temel,15,9,12,12,9,8,17,1,83,Revize et,Carousel,Yanan fabrikaya güzellik diye bakmak kusursuz video dönüşü; yaş ve alıntı ayrıntıları çelişkili.,Kaynak kontrolü şart
154,1342,Panik atağından meditasyona,Psikoloji,Farkındalık,Meditasyon,Dan Harris,1,Temel,14,8,12,10,9,9,17,4,83,Revize et,Kart testi,"Canlı yayındaki panikten şüpheci meditasyon pratiğine dönüş kişisel, inandırıcı ve güçlü bir dramatik akış.",Kaynak kontrolü önerilir
155,1375,Marcus Aurelius'un gizli günlüğü,Felsefe,Felsefe,Stoacılık,Marcus Aurelius,1,Temel,13,8,12,11,10,8,17,4,83,Revize et,Carousel,"Dünyanın en güçlü adamının gizli, kırılgan günlüğü güçlü yakınlık ve paylaşılabilir bir tarihsel ters köşe sunuyor.",Kaynak kontrolü önerilir
156,1493,İş ve anlam — Londra bankacısı,Psikoloji,Psikoloji,Kayıp Bağlantılar,Johann Hari,1,Temel,13,8,13,13,9,7,16,4,83,Revize et,Carousel,Başarılı bankacının anlamsızlık krizi statü ile mutluluk arasındaki çelişkiyi güçlü bir dönüşümle anlatıyor.,Kaynak kontrolü önerilir
157,1538,Tenis prodigisi ve fırsat ortamının gizli rolü,Liderlik,Başarı,Sıçramak,Matthew Syed,1,Temel,13,8,13,13,9,7,16,4,83,Revize et,Carousel,Yetenek posta kodu fikri başarıyı çevreyle ilişkilendirerek tartışma yaratır; insan örnekleri videoyu besler.,Kaynak kontrolü önerilir
158,1543,Sosyal kanıt — otelin havlu deneyi,Psikoloji,Psikoloji,Evet Dedirtmek,Noah Goldstein,1,Temel,13,7,13,13,9,7,16,5,83,Revize et,Carousel,Otel havlularındaki sosyal kanıt deneyi herkesin bildiği bir ortamda şaşırtıcı davranış farkı gösteriyor.,Standart doğrulama
159,1568,Tutuşma anı — motivasyonun kimliğe dönüştüğü an,Liderlik,Başarı,Yetenek Kodu,Daniel Coyle,1,Temel,13,8,13,13,9,7,16,4,83,Revize et,Carousel,Yakındaki rol modelin imkânsızı mümkün kılması umutlu ve paylaşılabilir; güçlü dönüşüm sahneleri sunuyor.,Kaynak kontrolü önerilir
160,1574,Bellek yanılsaması — hatırladıklarımız ne kadar gerçek,Psikoloji,Psikoloji,Hataları Kucaklamak,Carol Tavris,1,Temel,13,8,13,13,9,7,16,4,83,Revize et,Carousel,Hafızanın her hatırlamada yeniden yazılması kişisel kesinliği sarsıyor; canlandırmaya çok uygun bir fikir.,Kaynak kontrolü önerilir
161,1577,Özerklik — kontrol etmek değil yönlendirmek,Büyüme,Motivasyon,İşte Anlam,Daniel Pink,1,Temel,13,7,13,13,9,7,16,5,83,Revize et,Carousel,Atlassian'ın FedEx günleri özgür zamandan çıkan ürünlerle net dönüşüm sunuyor; yaratıcı ekipleri harekete geçirir.,Standart doğrulama
162,1587,Işık ve uyku — ekranların biyolojik bedeli,Sağlık,Sağlık,Sirkadyen Kod,Satchin Panda,1,Temel,13,7,13,14,9,7,16,4,83,Revize et,Carousel,Gece ekran ışığının biyolojik saati şaşırtması herkesin davranışına dokunur; telefon görselleri hemen çalışır.,Kaynak kontrolü önerilir
163,1607,Büyük kazançlara odaklanmak — latte faktörünün yanlışı,Finans,Finans,Zengin Olmayı Öğrenmek,Ramit Sethi,1,Temel,13,7,13,14,9,7,16,4,83,Revize et,Carousel,Latte faktörü küçük harcamanın yıllara yayılan etkisini görünür kılıyor; hesaplar bağlama göre belirtilmeli.,Kaynak kontrolü önerilir
164,1166,Doğum tarihi ve Kanada hokeyi,Liderlik,Başarı,10.000 Saat Kuralı,Malcolm Gladwell,1,Temel,14,8,12,13,9,7,16,4,83,Revize et,Carousel,Ocak ve Aralık çocuklarının bir yıllık farkı kümülatif avantajı şaşırtıcı ve görsel biçimde anlatıyor.,Kaynak kontrolü önerilir
165,1200,Öğle sarhoşluğu ve dinlenme bilimi,Verimlilik,Verimlilik,Saatlerin Efendisi,Daniel Pink,1,Temel,14,8,12,14,9,7,16,3,83,Revize et,Carousel,Öğle hataları ile 26 dakikalık NASA uykusu güçlü karşıtlık; oranlar ve evrensellik kaynaklandırılmalı.,Kaynak kontrolü şart
166,1295,Korkular listesi ve felsefeyi tersine çevirmek,Verimlilik,Verimlilik,The 4-Hour Workweek,Tim Ferriss,1,Temel,13,7,12,14,10,7,16,4,83,Revize et,Carousel,Yapmamanın beş yıllık maliyeti güçlü bir ters soru; egzersiz hemen uygulanabilir ve sesli yanıta çok uygun.,Kaynak kontrolü önerilir
167,1318,Rahatsızlıktan kaçma dürtüsü,Verimlilik,Verimlilik,Indistractable,Nir Eyal,1,Temel,13,7,12,13,10,8,16,4,83,Revize et,Carousel,Zor görevden e-postaya kaçış herkesçe tanınır; duyguyu adlandırma adımı hemen uygulanabilir.,Kaynak kontrolü önerilir
168,1406,İki dakika kuralı,Verimlilik,Verimlilik,Nasıl Başarılı Olunur,David Allen,1,Temel,13,7,12,14,9,8,16,4,83,Revize et,Carousel,"Biriken e-postadan iki dakika kuralına geçiş anlaşılır, hemen uygulanabilir ve yüksek kaydetme değerinde.",Kaynak kontrolü önerilir
169,1455,Acı ve neşe bir arada,Psikoloji,Mutluluk,Neşeyi Seç,Dalai Lama,1,Temel,12,8,13,14,9,7,15,5,83,Revize et,Carousel,"Acı ve neşenin aynı anda var olabileceği mesajı evrensel, duygulu ve paylaşılmaya çok uygun.",Standart doğrulama
170,1511,Kontrol dışındaki şeylerle barışmak,Felsefe,Felsefe,Pratik Stoacılık,William Irvine,1,Temel,12,7,13,15,9,7,15,5,83,Revize et,Carousel,Kontrol ikilemi kaygıyı iki kutuya ayıran kalıcı bir araç; sesli not ve kaydetme için çok uygun.,Standart doğrulama
171,1198,Güvenli beden ve iyileşme,Sağlık,Sağlık,Bedenin Sesi,Bessel van der Kolk,1,Temel,14,9,11,13,10,7,15,4,83,Revize et,Carousel,Bedenimi geri aldım cümlesi duygusal zirve yaratıyor; terapi seçenekleri dikkatli ve güvenli anlatılmalı.,Kaynak kontrolü önerilir
172,1214,Korkular listesi ve olumsuz canlandırma,Verimlilik,Verimlilik,The 4-Hour Workweek,Tim Ferriss,1,Temel,13,8,11,15,10,7,15,4,83,Revize et,Carousel,"Korkuyu olasılık ve onarım adımlarına bölmek son derece kaydedilebilir, anlatılabilir ve uygulanabilir.",Kaynak kontrolü önerilir
173,1095,Cenaze töreni egzersizi,Büyüme,Kişisel Gelişim,The 7 Habits of Highly Effective People,Stephen Covey,1,Temel,14,9,11,14,10,7,14,4,83,Revize et,Carousel,Kendi cenazeni hayal etmek sarsıcı ve kişisel; değerleri görünür kılan güçlü bir kayıt sorusu taşıyor.,Kaynak kontrolü önerilir
174,1763,Elinde Eriyen Kaşık,Psikoloji,Psikoloji,The Disappearing Spoon,Sam Kean,2,Zengin,12,8,14,8,9,8,19,4,82,Revize et,Kart testi,Duygusal karşıtlık paylaşma ve kişisel anlatma isteğini yükseltiyor; olay örgüsü yeterli.,Kaynak kontrolü önerilir
175,1791,"Aynı Elektrik, İki Farklı Sıçan",Sağlık,Sağlık,Why Zebras Don't Get Ulcers,Robert M. Sapolsky,F6,Zengin,13,6,14,10,9,8,19,3,82,Revize et,Kart testi,Duygusal karşıtlık paylaşma ve kişisel anlatma isteğini yükseltiyor; olay örgüsü yeterli.,Kaynak kontrolü şart
176,1770,İyi İnsanları Değiştiren Rol,Finans,İş & Girişim,The Lucifer Effect,Philip Zimbardo,2,Zengin,13,5,13,11,8,9,18,5,82,Revize et,Carousel,Somut sahne ve sayısal ayrıntı güçlü bir video açılışı sağlıyor; paylaşılabilirlik yeterli.,Standart doğrulama
177,1239,İnsan-makine entegrasyonu,Bilim,Teknoloji,Doğrusal Olmayan Gelecek,Ray Kurzweil,1,Temel,15,8,13,12,10,6,17,1,82,Revize et,Carousel,İnsan-yapay zekâ birleşimi güncel ve çok tartışılır; geçmiş başarı ve tarihli öngörüler fazla kesin.,Kaynak kontrolü şart
178,1267,Roger Federer'in 12 saat uyku sırrı,Sağlık,Sağlık,Neden Uyuyoruz,Matthew Walker,1,Temel,14,7,13,13,8,8,17,2,82,Revize et,Carousel,Ünlü sporcular ve “ucuz doping” sözü yüksek dikkat yaratıyor; 12 saat ve genelleme iddiaları teyit istiyor.,Kaynak kontrolü şart
179,1317,Değişken ödül ve kumar psikolojisi,Bilim,Ürün,Müşteriyi Anlamak,Nir Eyal,1,Temel,14,7,13,11,9,8,17,3,82,Revize et,Carousel,Farenin rastgele ödülde takıntılılaşması güçlü görüntü ve merak yaratıyor; deney anlatımı nüanslandırılmalı.,Kaynak kontrolü şart
180,1355,Beş büyük pişmanlık,Büyüme,İlham,Lider Yok Köle Yok,Robin Sharma,1,Temel,14,8,13,12,10,7,17,1,82,Revize et,Carousel,Ölüm döşeği sorusu çok güçlü paylaşım ve öz değerlendirme üretir; bulgular yanlış kişiye atfedilmiş görünüyor.,Kaynak kontrolü şart
181,1699,PayPal'ın Rakip Kurucuları Nasıl Takım Oldu?,Liderlik,Liderlik,The Founders,Jimmy Soni,2,Zengin,13,6,13,11,8,9,17,5,82,Revize et,Carousel,Somut sahne ve sayısal ayrıntı güçlü bir video açılışı sağlıyor; görselleştirme yeterli.,Standart doğrulama
182,1715,Nir Eyal’i Kendi Kızıyla Kaçırdığı An Durdurdu,Verimlilik,Verimlilik,Indistractable,Nir Eyal,2,Zengin,12,8,13,11,9,8,17,4,82,Revize et,Carousel,Duygusal karşıtlık paylaşma ve kişisel anlatma isteğini yükseltiyor; olay örgüsü yeterli.,Kaynak kontrolü önerilir
183,1719,Uykusuz Bir Cerrah Ne Zaman Yardım İstemeli?,Finans,Satış,Complications,Atul Gawande,2,Zengin,12,9,13,11,8,8,17,4,82,Revize et,Carousel,Duygusal karşıtlık paylaşma ve kişisel anlatma isteğini yükseltiyor; olay örgüsü yeterli.,Kaynak kontrolü önerilir
184,1723,Bir Gölü Kurtarmak Neden Musluğu Kapatmak Kadar Hızlı Değildir?,Felsefe,Düşünme,Thinking in Systems,Donella Meadows,2,Zengin,12,8,13,11,9,8,17,4,82,Revize et,Carousel,Duygusal karşıtlık paylaşma ve kişisel anlatma isteğini yükseltiyor; olay örgüsü yeterli.,Kaynak kontrolü önerilir
185,1724,Darwin Smith Neden Şirketinin Fabrikalarını Sattı?,Verimlilik,İş Dünyası,Good to Great,Jim Collins,2,Zengin,12,8,13,11,9,8,17,4,82,Revize et,Carousel,Duygusal karşıtlık paylaşma ve kişisel anlatma isteğini yükseltiyor; olay örgüsü yeterli.,Kaynak kontrolü önerilir
186,1728,David Goggins Aynadaki Adamla Neden Konuştu?,Büyüme,Motivasyon,Can't Hurt Me,David Goggins,2,Zengin,13,7,13,10,9,8,17,5,82,Revize et,Kart testi,Somut sahne ve sayısal ayrıntı güçlü bir video açılışı sağlıyor; olay örgüsü yeterli.,Standart doğrulama
187,1739,Seth Godin Neden Mor Bir İnek Aradı?,Finans,Pazarlama,Purple Cow,Seth Godin,2,Zengin,12,9,13,11,8,8,17,4,82,Revize et,Carousel,Duygusal karşıtlık paylaşma ve kişisel anlatma isteğini yükseltiyor; olay örgüsü yeterli.,Kaynak kontrolü önerilir
188,1746,Roma'yı Büyüten Sıra Dışı Karar,Tarih,Tarih,SPQR,Mary Beard,2,Zengin,13,8,13,10,9,9,17,3,82,Revize et,Kart testi,Somut sahne ve sayısal ayrıntı güçlü bir video açılışı sağlıyor; görselleştirme yeterli.,Kaynak kontrolü şart
189,1768,Oyun Bahçesinden Ekrana Geçiş,Finans,İş & Girişim,The Anxious Generation,Jonathan Haidt,2,Zengin,13,7,13,11,9,7,17,5,82,Revize et,Carousel,Somut sahne ve sayısal ayrıntı güçlü bir video açılışı sağlıyor; olay örgüsü geliştirilmeli.,Standart doğrulama
190,1253,Hafıza şampiyonlarının tekniği,Felsefe,Öğrenme,Zihin Haritası,Tony Buzan,1,Temel,13,7,12,13,8,8,17,4,82,Revize et,Carousel,"Hafıza şampiyonları ve saray tekniği somut, görselleştirilebilir ve izleyicinin hemen deneyebileceği kadar pratik.",Kaynak kontrolü önerilir
191,1427,Kasıtlı pratik ile rutin pratik arasındaki derin uçurum,Liderlik,Başarı,Yetenek Yanılgısı,Geoff Colvin,1,Temel,13,7,12,13,9,8,17,3,82,Revize et,Carousel,Yirmi yıllık doktorun gençten geride kalması güçlü ters köşe; kasıtlı pratik ayrımı hemen kullanılabilir.,Kaynak kontrolü şart
192,1247,Korkunun yolcu olması,Verimlilik,Yaratıcılık,Yaratıcı Olmak,Elizabeth Gilbert,1,Temel,13,8,13,11,9,8,16,4,82,Revize et,Carousel,"Korkuyu arka koltuğa oturtan güçlü metafor hemen anlaşılır, akılda kalır ve paylaşma dürtüsü yaratır.",Kaynak kontrolü önerilir
193,1268,Uyku yoksunluğu ve tıbbi hatalar,Sağlık,Sağlık,Neden Uyuyoruz,Matthew Walker,1,Temel,14,8,13,13,9,7,16,2,82,Revize et,Carousel,Sarhoş cerrah karşılaştırması sarsıcı ve çok paylaşılır; sağlık riskleri ile oranlar hassas biçimde kaynaklanmalı.,Kaynak kontrolü şart
194,1357,Müşteri kim sorusu,Finans,Pazarlama,Unutulmaz Markalar,Seth Godin,1,Temel,13,7,13,13,9,7,16,4,82,Revize et,Carousel,"“Herkes için, kimse için” karşıtlığı keskin; küçük ve tutkulu kitle odağı doğrudan eyleme dönüşüyor.",Kaynak kontrolü önerilir
195,1490,Uyuşturucu savaşının paradoksu,Felsefe,Toplum,Bağımlılık Çağı,Johann Hari,1,Temel,13,8,13,13,9,7,16,3,82,Revize et,Carousel,Portekiz'in ceza yerine destek yaklaşımı umutlu bir toplum dönüşümü anlatıyor; sonuç oranları doğrulanmalı.,Kaynak kontrolü şart
196,1513,Sabit disk sanayisinin dersi,Verimlilik,İş Dünyası,Yıkıcı İnovasyon,Clayton Christensen,1,Temel,13,7,13,12,9,7,16,5,82,Revize et,Carousel,İyi yöneticinin Disk işini batırması çarpıcı paradoks ve gerçek şirket gerilimiyle güçlü bir iş hikâyesi.,Standart doğrulama
197,1539,Placebo etkisi ve zihnin performans üzerindeki gücü,Liderlik,Başarı,Sıçramak,Matthew Syed,1,Temel,13,8,13,13,9,7,16,3,82,Revize et,Carousel,Plasebo dart örneği beklentinin performansı bozmasını çarpıcı anlatır; oran ve deney ayrıntısı doğrulanmalı.,Kaynak kontrolü şart
198,1599,Lif — mikrobiyomun birincil yakıtı ve modern diyetin en büyük eksikliği,Sağlık,Sağlık,İyi Bağırsak,Justin Sonnenburg,1,Temel,13,7,13,14,9,7,16,3,82,Revize et,Carousel,Hadza beslenmesi ve lif çeşitliliği renkli kültür sahneleri sunuyor; neden-sonuç dili dikkatle kurulmalı.,Kaynak kontrolü şart
199,1195,Uyku ve beyin temizliği,Sağlık,Sağlık,Neden Uyuyoruz,Matthew Walker,1,Temel,15,8,12,14,8,7,16,2,82,Revize et,Carousel,Gece beynin yıkanması çok görsel ve önemli; Alzheimer ile diğer hastalık bağları fazla kesin kuruluyor.,Kaynak kontrolü şart
200,1325,İçsel eleştirmenin sesi,Verimlilik,Yaratıcılık,Yaratıcı Beyin,Julia Cameron,1,Temel,13,8,12,11,10,8,16,4,82,Revize et,Carousel,Tuval önünde donan ressam sahnesi çok tanıdık; eleştirmenin kökenini sorması kişisel anlatıyı tetikliyor.,Kaynak kontrolü önerilir
201,1372,Neşe tetikleyici yöntemi,Felsefe,Yaşam,The Life-Changing Magic of Tidying Up,Marie Kondo,1,Temel,13,7,12,13,9,8,16,4,82,Revize et,Carousel,Bluz sahnesi batık maliyeti sıcak biçimde görünür kılıyor; teşekkür edip bırakma ritüeli akılda kalıyor.,Kaynak kontrolü önerilir
202,1431,Hikaye anlatımı ve kendini kurban etmek,Psikoloji,Psikoloji,Terapi,Lori Gottlieb,1,Temel,13,8,12,12,10,8,16,3,82,Revize et,Carousel,Kendi hikâyesinin hem mahkûmu hem yazarı olma fikri derin; kurbanlık dili hassas bağlamda kullanılmalı.,Kaynak kontrolü şart
203,1527,İçsel eleştirmen ve radyo istasyonları,Finans,Finans,Parça Parça Yazmak,Anne Lamott,1,Temel,12,8,12,14,9,7,16,4,82,Revize et,Carousel,"İç eleştirmeni radyo kanalına çevirmek eğlenceli, duygusal ve uygulanabilir; sesli anlatı formatına çok uygun.",Kaynak kontrolü önerilir
204,1364,"3P tuzağı — kalıcılık, yaygınlık, kişiselleştirme",Büyüme,Dayanıklılık,Zihinsel Dayanıklılık,Sheryl Sandberg,1,Temel,12,8,11,13,10,8,16,4,82,Revize et,Carousel,Üç P acı içindeki düşünceyi sade ve kullanılabilir biçimde ayrıştırıyor; kişisel örnek bağı güçlendiriyor.,Kaynak kontrolü önerilir
205,1503,Şiddetin öngörülebilirliği,Tarih,Güvenlik,Korkudan Öğrenmek,Gavin de Becker,1,Temel,12,8,13,14,9,7,15,4,82,Revize et,Carousel,Şiddet öncesi sinyalleri okumak yüksek önem ve gerilim taşır; güvenlik dili sorumlu biçimde kurulmalı.,Kaynak kontrolü önerilir
206,1613,Ekonomik giden rüzgar — aile desteğinin gizli bedeli,Finans,Finans,Komşu Milyoner,Thomas Stanley,1,Temel,12,8,13,14,9,7,15,4,82,Revize et,Carousel,Aile desteğinin bağımlılığa dönüşmesi sevgi ve sınır arasında duygusal gerilim kurar; çok konuşulur.,Kaynak kontrolü önerilir
207,1510,Negatif görselleştirme — kaybı hayal etmek,Felsefe,Felsefe,Pratik Stoacılık,William Irvine,1,Temel,12,7,12,15,9,7,15,5,82,Revize et,Carousel,Negatif görselleştirme sahip olduklarının değerini hissettiriyor; güçlü duygu ve uygulanabilir ritüel birleşiyor.,Standart doğrulama
208,1560,RAIN pratiği — zor duyguları eritmek için dört adım,Psikoloji,Farkındalık,Radikal Kabul,Tara Brach,1,Temel,12,7,12,15,9,7,15,5,82,Revize et,Carousel,"RAIN'in dört adımı zor duygular için hazır bir rehber; kısa, hatırlanabilir ve sesli notla uygulanabilir.",Standart doğrulama
209,1140,Savunmasızlığın paradoksu,Büyüme,Kişisel Gelişim,Cesaret Vermek,Brené Brown,1,Temel,13,9,11,13,10,7,15,4,82,Revize et,Carousel,"Zırhın korurken yalnızlaştırması güçlü metafor, yüksek duygusal yakınlık ve kişisel anlatım çağrısı yaratıyor.",Kaynak kontrolü önerilir
210,1146,Hayır diyememek ve tükenişin bedeli,Büyüme,Kişisel Gelişim,Sınırlar,Nedra Tawwab,1,Temel,13,9,11,14,10,7,15,3,82,Revize et,Carousel,Seans ortasında ağlayan terapist sınır ihtiyacını insani ve vurucu biçimde somutlaştırıyor.,Kaynak kontrolü şart
211,1188,Hayır deme korkusu,Büyüme,Motivasyon,Korkusuzluk,Susan Jeffers,1,Temel,13,9,11,13,10,7,15,4,82,Revize et,Carousel,"Hayırın altında sevilmeme korkusunu açmak yüksek yakınlık, kayıt değeri ve sesli paylaşım üretir.",Kaynak kontrolü önerilir
212,1228,Ambulanstaki uyanış,Büyüme,Kişisel Gelişim,Yüksek Performans,Brendon Burchard,1,Temel,14,9,11,13,10,7,15,3,82,Revize et,Carousel,"Ambulansta sorulan üç hayat sorusu güçlü duygu, yapı ve kişisel sesli cevap potansiyeli taşır.",Kaynak kontrolü şart
213,1771,Karısını Şapka Sanan Adam,Finans,İş & Girişim,The Man Who Mistook His Wife for a Hat,Oliver Sacks,2,Zengin,14,5,14,8,8,8,20,4,81,Revize et,Kart testi,Merak sorusu ve karşıtlık ilk saniye etkisini güçlendiriyor; olay örgüsü yeterli.,Kaynak kontrolü önerilir
214,1709,Servet Neden Genellikle Görünmezdir?,Finans,Finans,The Psychology of Money,Morgan Housel,2,Zengin,12,7,13,11,9,8,18,3,81,Revize et,Carousel,Duygusal karşıtlık paylaşma ve kişisel anlatma isteğini yükseltiyor; olay örgüsü yeterli.,Kaynak kontrolü şart
215,1755,Amazon'un Yuttuğu Kaşif,Tarih,Tarih,The Lost City of Z,David Grann,2,Zengin,13,8,13,8,9,7,18,5,81,Revize et,Kart testi,Somut sahne ve sayısal ayrıntı güçlü bir video açılışı sağlıyor; olay örgüsü geliştirilmeli.,Standart doğrulama
216,1756,Soluk Mavi Nokta,Psikoloji,Psikoloji,Cosmos,Carl Sagan,2,Zengin,12,7,13,11,8,7,18,5,81,Revize et,Carousel,Somut sahne ve sayısal ayrıntı güçlü bir video açılışı sağlıyor; olay örgüsü geliştirilmeli.,Standart doğrulama
217,1784,Sonuna Kadar İyi Yaşamak,Sağlık,Sağlık,Being Mortal,Atul Gawande,F5,Zengin,12,8,13,11,9,7,18,3,81,Revize et,Carousel,Duygusal karşıtlık paylaşma ve kişisel anlatma isteğini yükseltiyor; olay örgüsü geliştirilmeli.,Kaynak kontrolü şart
218,1803,Saatin İki Dili,Liderlik,Liderlik,The Culture Map,Erin Meyer,C2,Zengin,12,7,13,10,8,8,18,5,81,Revize et,Kart testi,Somut sahne ve sayısal ayrıntı güçlü bir video açılışı sağlıyor; olay örgüsü yeterli.,Standart doğrulama
219,1716,Kendi Adını Söylemek Stresi Nasıl Azaltabilir?,Finans,İş & Girişim,Chatter,Ethan Kross,2,Zengin,12,7,13,11,9,8,17,4,81,Revize et,Carousel,Duygusal karşıtlık paylaşma ve kişisel anlatma isteğini yükseltiyor; olay örgüsü yeterli.,Kaynak kontrolü önerilir
220,1743,168 Kişi Bir İmparatorluğu Nasıl Esir Aldı?,Tarih,Tarih,"Guns, Germs, and Steel",Jared Diamond,2,Zengin,13,8,13,10,9,8,17,3,81,Revize et,Kart testi,Somut sahne ve sayısal ayrıntı güçlü bir video açılışı sağlıyor; olay örgüsü yeterli.,Kaynak kontrolü şart
221,1366,Freelancer'ın fatura şoku,Verimlilik,Girişimcilik,Kendi Patronun Ol,Paul Jarvis,1,Temel,13,7,12,12,9,8,17,3,81,Revize et,Carousel,Gelir büyürken sevilen işin sıfırlanması güçlü ters köşe; kişisel öykünün ayrıntıları kaynaklandırılmalı.,Kaynak kontrolü şart
222,1474,Bilişsel devrim ve hayali gerçeklikler,Tarih,Tarih,İnsanlığın Kısa Tarihi,Yuval Noah Harari,1,Temel,13,7,13,12,9,7,16,4,81,Revize et,Carousel,Ortak kurgu fikri para ve ulus gibi dev kavramları sarsıcı biçimde bağlar; yorum ve paylaşım potansiyeli yüksek.,Kaynak kontrolü önerilir
223,1079,Restoran garsonunun bahşiş sırrı,Psikoloji,Psikoloji,Influence,Robert Cialdini,1,Temel,14,8,12,12,8,7,16,4,81,Revize et,Carousel,İkinci şekerle yükselen bahşiş kolay canlandırılır; beklenmedik jest fikri sıcak ve çok paylaşılabilir.,Kaynak kontrolü önerilir
224,1099,Michael Jordan'ın kesim hikayesi,Psikoloji,Psikoloji,Zihin Gücü,Carol Dweck,1,Temel,14,9,12,12,9,7,16,2,81,Revize et,Carousel,Listede adını bulamayan Jordan güçlü duygu ve dönüşüm taşır; kesilme hikâyesi nüansla doğrulanmalı.,Kaynak kontrolü şart
225,1212,McDonald's'ın gerçek işi,Finans,Finans,Zengin Baba Fakir Baba,Robert Kiyosaki,1,Temel,14,7,12,13,9,7,16,3,81,Revize et,Carousel,Hamburger değil gayrimenkul ters köşesi çok paylaşılır; iş modelinin karmaşıklığı biraz sadeleştirilmiş.,Kaynak kontrolü şart
226,1255,Paraşütle atlayan kadın,Büyüme,Motivasyon,Korkusuzluk,Susan Jeffers,1,Temel,13,8,12,11,9,8,16,4,81,Revize et,Carousel,"Paraşüt diyaloğu korkunun geçmesini bekleme tuzağını canlı, duygusal ve paylaşılabilir biçimde gösteriyor.",Kaynak kontrolü önerilir
227,1316,Tetikleyiciler ve alışkanlık tasarımı,Bilim,Ürün,Müşteriyi Anlamak,Nir Eyal,1,Temel,13,7,12,12,10,7,16,4,81,Revize et,Carousel,Can sıkıntısı-Instagram bağı çok tanıdık; izleyici kendi duygusal tetikleyicisini hemen anlatabilir.,Kaynak kontrolü önerilir
228,1334,Ölüm ve anlam arasındaki bağ,Felsefe,Felsefe,Her Şey Yolunda,Mark Manson,1,Temel,13,8,12,11,10,7,16,4,81,Revize et,Carousel,Bir yıllık ömür sorusu duygusal ve güçlü öz değerlendirme yaratıyor; memento mori çerçevesi net.,Kaynak kontrolü önerilir
229,1393,Kurbağayı sabah yemek,Verimlilik,Verimlilik,Yeme Bozukluğu,Brian Tracy,1,Temel,13,7,12,14,9,8,16,2,81,Revize et,Carousel,Sabah kurbağa yemek güçlü ve komik bir metafor; Twain atfı ile üretkenlik sonucu doğrulanmalı.,Kaynak kontrolü şart
230,1408,Sözcüklerin büyüsü — birinci anlaşma,Felsefe,Felsefe,Dört Anlaşma,Don Miguel Ruiz,1,Temel,13,8,12,11,10,8,16,3,81,Revize et,Carousel,Bir cümlenin kırk yıllık sessizliği duygusal ve unutulmaz; örnek gerçek olay gibi sunulmadan çerçevelenmeli.,Kaynak kontrolü şart
231,1429,Terapistin kendi terapisti,Psikoloji,Psikoloji,Terapi,Lori Gottlieb,1,Temel,13,8,12,10,10,8,16,4,81,Revize et,Kart testi,Terapistin danışan koltuğuna geçmesi güçlü kırılganlık ve rol değişimi sunuyor; soru geniş kitleye uyuyor.,Kaynak kontrolü önerilir
232,1059,Britanya bisiklet takımının yüzde iki felsefesi,Sağlık,Alışkanlıklar,Atomic Habits,James Clear,1,Temel,14,8,11,14,9,7,16,2,81,Revize et,Carousel,76 yıllık yenilgiden olimpiyat zaferine dönüşüm güçlü; yüzde iki ve madalya anlatısı kaynakla netleştirilmeli.,Kaynak kontrolü şart
233,1581,Geri çekilme hakkı — en güçlü satış cümlesi,Finans,Satış,Satışın Yeni Yüzü,Daniel Pink,1,Temel,12,7,12,14,9,7,15,5,81,Revize et,Carousel,Müşteriye vazgeçme izni veren dürüst satış yaklaşımı beklenmedik ve güven verici; diyalog videosuna çok uygun.,Standart doğrulama
234,1608,Zengin hayat tasarımı — paranın araç olduğunu hatırlamak,Finans,Finans,Zengin Olmayı Öğrenmek,Ramit Sethi,1,Temel,12,7,12,15,9,6,15,5,81,Revize et,Carousel,Zengin hayatı kişisel değerlerle tanımlamak parayı amaçtan araca çeviriyor; egzersizi sesli nota çok uygun.,Standart doğrulama
235,1067,Ertelemenin gerçek kökü: korku,Verimlilik,Verimlilik,Şimdi Başla,Neil Fiore,1,Temel,13,9,11,13,10,7,15,3,81,Revize et,Carousel,"Ertelemenin ardındaki yeterli olmama korkusu çok relatable, duygusal ve sesli öz değerlendirmeye açık.",Kaynak kontrolü şart
236,1110,Öfke döngüsü ve nörolojik kaçırılma,Psikoloji,Psikoloji,Emotional Intelligence,Daniel Goleman,1,Temel,13,8,11,14,10,7,15,3,81,Revize et,Carousel,"Öfke sonrası pişmanlık evrensel, nörolojik çerçeve akılda kalıcı ve pratik mola önerisi kaydedilir.",Kaynak kontrolü şart
237,1194,Marcus Aurelius'un mektupları,Felsefe,Felsefe,Engel Yolu Açar,Ryan Holiday,1,Temel,13,8,11,13,10,7,15,4,81,Revize et,Carousel,İstemediği tahtta krizleri günlüğe dönüştüren imparator güçlü; engel sorusu kişisel kayıt çağırıyor.,Kaynak kontrolü önerilir
238,1230,Su gibi olmak,Liderlik,Strateji,Savaş Sanatı,Sun Tzu,1,Temel,13,8,11,12,10,7,15,5,81,Revize et,Carousel,"Suyun kayayı aşındırması zamansız, görsel ve her alana taşınabilen güçlü bir sohbet metaforu.",Standart doğrulama
239,1807,Hamburgerin Altındaki Arsa,Liderlik,Liderlik,Grinding It Out,Ray Kroc,C2,Zengin,13,5,13,11,8,7,19,4,80,Revize et,Carousel,"Uygulanabilir çerçeve, hikâyeyi geri dönüp kaydetmeye değer kılıyor; olay örgüsü geliştirilmeli.",Kaynak kontrolü önerilir
240,1747,Bisikletçilerin Rüzgar Tüneli,Tarih,Tarih,The Wright Brothers,David McCullough,2,Zengin,13,5,13,11,8,7,18,5,80,Revize et,Carousel,Somut sahne ve sayısal ayrıntı güçlü bir video açılışı sağlıyor; olay örgüsü geliştirilmeli.,Standart doğrulama
241,1776,"Şimdiki Bir mi, Sonraki İki mi?",Finans,İş & Girişim,The Marshmallow Test,Walter Mischel,2,Zengin,13,5,13,10,8,8,18,5,80,Revize et,Kart testi,Somut sahne ve sayısal ayrıntı güçlü bir video açılışı sağlıyor; olay örgüsü yeterli.,Standart doğrulama
242,1789,Bedenin Yakıtı Yanlış Yere Akınca,Sağlık,Sağlık,Why Zebras Don't Get Ulcers,Robert M. Sapolsky,F6,Zengin,12,9,13,10,9,6,18,3,80,Revize et,Kart testi,Duygusal karşıtlık paylaşma ve kişisel anlatma isteğini yükseltiyor; olay örgüsü geliştirilmeli.,Kaynak kontrolü şart
243,1805,Menüyü Küçülten Mutfak,Liderlik,Liderlik,Grinding It Out,Ray Kroc,C2,Zengin,12,7,13,10,9,7,18,4,80,Revize et,Kart testi,Duygusal karşıtlık paylaşma ve kişisel anlatma isteğini yükseltiyor; olay örgüsü geliştirilmeli.,Kaynak kontrolü önerilir
244,1276,PayPal mafyasının gizemi,Verimlilik,Girişimcilik,Sıfır'dan Bir'e,Peter Thiel,1,Temel,14,7,13,9,9,8,17,3,80,Revize et,Kart testi,PayPal’dan doğan şirketler güçlü sosyal kanıt ve görsel tempo yaratıyor; nedensellik yorumu ölçülü olmalı.,Kaynak kontrolü şart
245,1477,Ölümsüzlük projesi,Bilim,Gelecek,Homo Deus,Yuval Noah Harari,1,Temel,13,7,13,11,9,7,17,3,80,Revize et,Carousel,Ölümsüzlük projesi ve teknoloji şirketleri güçlü gelecek merakı yaratır; spekülasyonlar açıkça ayrılmalı.,Kaynak kontrolü şart
246,1698,Steve Jobs'ın Kaligrafi Dersi Mac'i Nasıl Değiştirdi?,Liderlik,Liderlik,Steve Jobs,Walter Isaacson,2,Zengin,12,6,13,11,9,8,17,4,80,Revize et,Carousel,Duygusal karşıtlık paylaşma ve kişisel anlatma isteğini yükseltiyor; olay örgüsü yeterli.,Kaynak kontrolü önerilir
247,1700,Rastgele Yürüyen Bir Piyasa Yenilebilir mi?,Finans,Finans,A Random Walk Down Wall Street,Burton G. Malkiel,2,Zengin,13,5,13,11,8,8,17,5,80,Revize et,Carousel,Somut sahne ve sayısal ayrıntı güçlü bir video açılışı sağlıyor; olay örgüsü yeterli.,Standart doğrulama
248,1702,Konfor Alanı Bedenimizi Nasıl Zayıflatıyor?,Sağlık,Sağlık,The Comfort Crisis,Michael Easter,2,Zengin,12,7,13,11,9,7,17,4,80,Revize et,Carousel,Duygusal karşıtlık paylaşma ve kişisel anlatma isteğini yükseltiyor; olay örgüsü geliştirilmeli.,Kaynak kontrolü önerilir
249,1703,Bir Kaza James Clear’ın Alışkanlık Fikrini Nasıl Değiştirdi?,Sağlık,Alışkanlıklar,Atomic Habits,James Clear,2,Zengin,12,7,13,11,8,8,17,4,80,Revize et,Carousel,"Uygulanabilir çerçeve, hikâyeyi geri dönüp kaydetmeye değer kılıyor; olay örgüsü yeterli.",Kaynak kontrolü önerilir
250,1714,Dinlemek Neden Konuşmaktan Daha Zordur?,Psikoloji,Farkındalık,You're Not Listening,Kate Murphy,2,Zengin,12,6,13,11,8,9,17,4,80,Revize et,Carousel,"Uygulanabilir çerçeve, hikâyeyi geri dönüp kaydetmeye değer kılıyor; ilk saniye etkisi yeterli.",Kaynak kontrolü önerilir
251,1751,Bombardıman Altında Görünür Olmak,Tarih,Tarih,The Splendid and the Vile,Erik Larson,2,Zengin,13,6,13,9,9,8,17,5,80,Revize et,Kart testi,Somut sahne ve sayısal ayrıntı güçlü bir video açılışı sağlıyor; olay örgüsü yeterli.,Standart doğrulama
252,1753,Aynı Kazadan İki Farklı Gerçek,Tarih,Tarih,The Wager,David Grann,2,Zengin,13,7,13,9,8,8,17,5,80,Revize et,Kart testi,Somut sahne ve sayısal ayrıntı güçlü bir video açılışı sağlıyor; olay örgüsü yeterli.,Standart doğrulama
253,1793,Kapını Her Sabah Çalan Ortak,Finans,Finans,The Intelligent Investor,Benjamin Graham,F7,Zengin,13,7,13,10,7,8,17,5,80,Revize et,Kart testi,Somut sahne ve sayısal ayrıntı güçlü bir video açılışı sağlıyor; olay örgüsü yeterli.,Standart doğrulama
254,1795,Salondaki Ayakkabı Mağazası,Liderlik,Liderlik,Delivering Happiness,Tony Hsieh,C1,Zengin,12,7,13,10,9,8,17,4,80,Revize et,Kart testi,Duygusal karşıtlık paylaşma ve kişisel anlatma isteğini yükseltiyor; olay örgüsü yeterli.,Kaynak kontrolü önerilir
255,1306,Ormanın yangın ihtiyacı,Felsefe,Düşünme,Antikırılgan,Nassim Taleb,1,Temel,13,7,12,11,9,8,17,3,80,Revize et,Carousel,Küçük yangının büyük felaketi önlemesi çarpıcı; orman yönetimi ve diğer alanlara aktarım biraz basitleştirilmiş.,Kaynak kontrolü şart
256,1309,Salıncak ve sistem düşüncesi,Felsefe,Düşünme,Thinking in Systems,Donella Meadows,1,Temel,13,7,12,12,9,8,17,2,80,Revize et,Carousel,Salıncak yerine ağaç seçimi sistem düşüncesini çok iyi gösteriyor; örneğin Meadows kaynağı teyit edilmeli.,Kaynak kontrolü şart
257,1354,Ferrari sahibinin manastır ziyareti,Büyüme,İlham,Lider Yok Köle Yok,Robin Sharma,1,Temel,13,8,11,8,9,9,17,5,80,Revize et,Kart testi,Kalp krizinden Himalaya’ya giden kurmaca dönüş sinematik ve duygusal; mesaj tanıdık olsa da bağlam açık.,Standart doğrulama
258,1260,Napoleon'ın e-posta kuralı,Felsefe,Felsefe,Stillness Is the Key,Ryan Holiday,1,Temel,13,7,13,13,8,8,16,2,80,Revize et,Carousel,“Napoleon’ın e-posta kuralı” güncel ve çok paylaşılabilir; üç hafta anekdotunun kaynağı doğrulanmalı.,Kaynak kontrolü şart
259,1478,Veri dini ve algoritmik otorite,Bilim,Gelecek,Homo Deus,Yuval Noah Harari,1,Temel,13,7,13,12,9,7,16,3,80,Revize et,Carousel,Algoritmaların bizi bizden iyi tanıması ürpertici ve güncel; veriizm iddiaları nüanslı verilirse çok paylaşılır.,Kaynak kontrolü şart
260,1479,Özgür irade yanılsaması,Bilim,Gelecek,Homo Deus,Yuval Noah Harari,1,Temel,13,7,13,12,9,7,16,3,80,Revize et,Carousel,Libet deneyi özgür irade duygusunu sarsıyor; bilimsel yorum tartışmalı olsa da mükemmel konuşma başlatır.,Kaynak kontrolü şart
261,1248,Merak yaratıcılığın pusulası,Verimlilik,Yaratıcılık,Yaratıcı Olmak,Elizabeth Gilbert,1,Temel,13,7,12,12,9,7,16,4,80,Revize et,Carousel,"Tutku baskısına karşı merak önerisi taze bir karşıtlık, düşük eşikli eylem ve iyi bir sohbet sorusu sunuyor.",Kaynak kontrolü önerilir
262,1281,Değerler ve değer çatışması,Liderlik,Liderlik,Karanlığın Ötesi,Brené Brown,1,Temel,12,7,12,13,9,7,16,4,80,Revize et,Carousel,Değerlerin bedelle sınanması güçlü bir alıntı ve karar aracı; kişisel soru sesli düşünmeyi kolaylaştırıyor.,Kaynak kontrolü önerilir
263,1298,Fırsatın maliyeti,Verimlilik,Verimlilik,Minimalizm,Greg McKeown,1,Temel,13,6,12,13,9,7,16,4,80,Revize et,Carousel,"Her evetin bir hayır olduğu karşıtlığı net, kaydedilebilir ve izleyiciyi kendi takvimini sorgulamaya itiyor.",Kaynak kontrolü önerilir
264,1307,Barbell stratejisi,Felsefe,Düşünme,Antikırılgan,Nassim Taleb,1,Temel,13,6,12,14,9,7,16,3,80,Revize et,Carousel,"Yüzde 90 güvenli, yüzde 10 çılgın kuralı son derece kaydedilebilir; finans bağlamında uyarı gerektiriyor.",Kaynak kontrolü şart
265,1313,McDonald's ve işletme prototipi,Verimlilik,Girişimcilik,İşin Özü,Michael Gerber,1,Temel,13,6,12,13,9,8,16,3,80,Revize et,Carousel,Hamburger değil sistem karşıtlığı iş sahipleri için güçlü ve pratik; Kroc anlatısı kaynakla desteklenmeli.,Kaynak kontrolü şart
266,1320,Çevre tasarımı ve sürtüşme,Verimlilik,Verimlilik,Indistractable,Nir Eyal,1,Temel,13,6,12,14,9,7,16,3,80,Revize et,Carousel,Telefonu uzaklaştırıp kitabı yaklaştırmak son derece uygulanabilir; yüzde kırk etkisi kaynak ister.,Kaynak kontrolü şart
267,1346,Maksimizer ve satisficer,Psikoloji,Psikoloji,The Paradox of Choice,Barry Schwartz,1,Temel,13,7,12,12,9,7,16,4,80,Revize et,Carousel,En iyi kararı verenin daha mutsuz olması güçlü ters köşe; yeterince iyi stratejisi günlük hayata kolay taşınıyor.,Kaynak kontrolü önerilir
268,1381,Tetris etkisi ve beyin yeniden programlama,Psikoloji,Mutluluk,Mutluluğun Peşinde,Shawn Achor,1,Temel,13,7,12,12,9,8,16,3,80,Revize et,Carousel,Tetris parçalarını gerçek hayatta görme sahnesi çok görsel; şükran ve nöroplastisite sonucu biraz genellenmiş.,Kaynak kontrolü şart
269,1400,Wikipedia ve kolektif bilgi üretimi,Bilim,Teknoloji,Zeki Kalabalıklar,Howard Rheingold,1,Temel,13,7,12,11,9,8,16,4,80,Revize et,Carousel,Herkesin yazdığı ansiklopedinin uzmanlarla yarışması güçlü ters köşe; koşullara bağlı sonuç dengeli bitiyor.,Kaynak kontrolü önerilir
270,1405,İki dakikada karar ver,Verimlilik,Verimlilik,Nasıl Başarılı Olunur,David Allen,1,Temel,13,7,12,13,9,8,16,2,80,Revize et,Carousel,"Gece akla gelen kuru temizleme çok tanıdık; açık döngü çözümü pratik, 150–300 sayısı kaynaksız.",Kaynak kontrolü şart
271,1424,Otopilot modu ve bilinçsiz hayat,Psikoloji,Farkındalık,Mindfulness,Jon Kabat-Zinn,1,Temel,13,7,12,11,9,8,16,4,80,Revize et,Carousel,Eve nasıl geldiğini hatırlamama sahnesi herkesçe tanınır; otopilot ile canlılık karşıtlığı iyi çalışıyor.,Kaynak kontrolü önerilir
272,1379,Açıklama tarzı ve geleceğin şekli,Psikoloji,Psikoloji,İyimserlik Öğrenmek,Martin Seligman,1,Temel,12,7,11,13,10,7,16,4,80,Revize et,Carousel,"Hep-her şey-benim yerine bu sefer-bu alan çerçevesi net, kaydedilebilir ve kişisel yanıta çok uygun.",Kaynak kontrolü önerilir
273,1432,OKR'ların doğuşu — Intel ve Andy Grove,Liderlik,Yönetim,Büyüme Kültürü,John Doerr,1,Temel,12,6,11,14,9,8,16,4,80,Revize et,Carousel,"Intel’den Google’a taşınan iki soruluk OKR sistemi güvenilir, net ve yüksek uygulama değeri taşıyor.",Kaynak kontrolü önerilir
274,1517,Konuşmaların en kötü hataları,Verimlilik,Girişimcilik,Müşteri Geliştirme,Rob Fitzpatrick,1,Temel,12,6,12,15,8,7,15,5,80,Revize et,Carousel,Müşteri görüşmesindeki üç hata hemen kullanılabilecek net sorular veriyor; girişimci kitlesinde güçlü kaydetmelik.,Standart doğrulama
275,1089,IMVU'nun yanlış yolda koşması,Verimlilik,Girişimcilik,Büyük Sıçrayış,Eric Ries,1,Temel,14,7,11,14,9,7,15,3,80,Revize et,Carousel,Aylarca yanlış ürün yapma acısı ve pivot dersi girişimciler için hem paylaşılır hem kaydedilir.,Kaynak kontrolü şart
276,1179,İlham perisinin ziyareti,Verimlilik,Yaratıcılık,Yaratıcı Olmak,Elizabeth Gilbert,1,Temel,13,8,10,12,10,7,15,5,80,Revize et,Carousel,"İlham perisini çalışan masasında beklemek yaratıcılar için sıcak, akılda kalıcı ve anlatılabilir bir metafor.",Standart doğrulama
277,1390,Hedefin netliği ve beyin aktivasyonu,Liderlik,Hedefler,Hedeflere Ulaşmak,Brian Tracy,1,Temel,14,7,13,11,9,8,17,0,79,Revize et,Carousel,Yüzde üçün diğerlerinden on kat kazanması viral bir sonuç; ünlü hedef araştırması doğrulanmamış şehir efsanesi.,Kaynak kontrolü şart
278,1713,Ryan Holiday’nin Başarısı Neden Bir Uyarıya Dönüştü?,Felsefe,Felsefe,Ego Is the Enemy,Ryan Holiday,2,Zengin,12,6,13,11,8,8,17,4,79,Revize et,Carousel,"Uygulanabilir çerçeve, hikâyeyi geri dönüp kaydetmeye değer kılıyor; olay örgüsü yeterli.",Kaynak kontrolü önerilir
279,1738,Kirli Bir Masa Ahlaki Yargıyı Neden Sertleştirdi?,Finans,İş & Girişim,The Righteous Mind,Jonathan Haidt,2,Zengin,12,6,13,11,8,8,17,4,79,Revize et,Carousel,Duygusal karşıtlık paylaşma ve kişisel anlatma isteğini yükseltiyor; olay örgüsü yeterli.,Kaynak kontrolü önerilir
280,1785,Suçlamanın Altındaki İhtiyaç,İletişim,İletişim,Nonviolent Communication,Marshall B. Rosenberg,F5,Zengin,12,6,13,10,9,8,17,4,79,Revize et,Kart testi,Duygusal karşıtlık paylaşma ve kişisel anlatma isteğini yükseltiyor; olay örgüsü yeterli.,Kaynak kontrolü önerilir
281,1798,Kültür Pazarlığı,Liderlik,Liderlik,Delivering Happiness,Tony Hsieh,C1,Zengin,12,6,13,10,9,7,17,5,79,Revize et,Kart testi,Somut sahne ve sayısal ayrıntı güçlü bir video açılışı sağlıyor; olay örgüsü geliştirilmeli.,Standart doğrulama
282,1250,Serbest piyasanın en güçlü kuvveti,Finans,Finans,Money: Master the Game,Tony Robbins,1,Temel,13,6,12,13,8,8,16,3,79,Revize et,Carousel,İki kardeşin sayısal karşılaştırması güçlü bir ters köşe yaratıyor; getiri varsayımları açıklanmalı.,Kaynak kontrolü şart
283,1270,Vietnam gazilerinin dondurulmuş bedenleri,Sağlık,Sağlık,Bedenin Sesi,Bessel van der Kolk,1,Temel,13,8,12,9,9,8,16,4,79,Revize et,Kart testi,Gazinin beden-zihin ayrımı güçlü bir sahne ve unutulmaz cümle sunuyor; hassas travma dili korunmalı.,Kaynak kontrolü önerilir
284,1335,Özgürlük ve seçimin bedeli,Felsefe,Felsefe,Her Şey Yolunda,Mark Manson,1,Temel,13,7,12,12,9,7,16,3,79,Revize et,Carousel,Sonsuz seçenekten taahhüt özgürlüğüne dönüş paylaşılabilir; araştırma sonucu evrenselleştirilmiş.,Kaynak kontrolü şart
285,1412,Harvard Business School paradoksu,Psikoloji,Psikoloji,Sessizlik,Susan Cain,1,Temel,13,7,12,10,10,8,16,3,79,Revize et,Kart testi,Harvard’ın yüksek ses kültürü net bir çatışma yaratıyor; ünlü içe dönükler listesi kanıt yerine geçmiyor.,Kaynak kontrolü şart
286,1413,Sert satış ve empatin gücü,Psikoloji,Psikoloji,Sessizlik,Susan Cain,1,Temel,12,7,12,12,9,7,16,4,79,Revize et,Carousel,Satış makinesini ambivertlerin geçmesi iyi ters köşe; dinleme dersi iş ve ilişkide kolay uygulanıyor.,Kaynak kontrolü önerilir
287,1319,Zaman kutulaması ve taahhüt,Verimlilik,Verimlilik,Indistractable,Nir Eyal,1,Temel,12,6,11,14,9,7,16,4,79,Revize et,Carousel,"Takvimde olmayanın gerçekleşmemesi güçlü, kaydedilebilir bir kural; öncelik sırası somut uygulama veriyor.",Kaynak kontrolü önerilir
288,1359,Pazarlama empati işidir,Finans,Pazarlama,Unutulmaz Markalar,Seth Godin,1,Temel,12,7,12,13,9,7,15,4,79,Revize et,Carousel,Pazarlamayı manipülasyondan empatiye çevirmek güçlü marka mesajı; söz-ver-sözünü-tut çerçevesi kaydedilir.,Kaynak kontrolü önerilir
289,1606,Otomatik sistem — para kararlarını irade dışına taşımak,Finans,Finans,Zengin Olmayı Öğrenmek,Ramit Sethi,1,Temel,12,6,12,15,8,6,15,5,79,Revize et,Carousel,Parayı otomatik pilotta biriktirmek net sistem ve anında eylem sunuyor; finans kitlesinde güçlü kaydetmelik.,Standart doğrulama
290,1078,Kapıya ayak koyma tekniği,Psikoloji,Psikoloji,Influence,Robert Cialdini,1,Temel,13,7,11,13,9,7,15,4,79,Revize et,Carousel,"Küçük evetten büyük levhaya sıçrama net, şaşırtıcı ve gündelik ikna davranışını sorgulatıyor.",Kaynak kontrolü önerilir
291,1080,Sosyal kanıt ve otel havluları,Psikoloji,Psikoloji,Influence,Robert Cialdini,1,Temel,14,7,11,13,8,7,15,4,79,Revize et,Carousel,Tek cümleyle değişen havlu davranışı somut sosyal kanıt sunuyor; kısa video kurgusu çok temiz.,Kaynak kontrolü önerilir
292,1350,Aralıklı tekrar ve unutma paradoksu,Felsefe,Öğrenme,Öğrenmeyi Öğrenmek,Peter Brown,1,Temel,12,6,11,14,9,7,15,5,79,Revize et,Carousel,Biraz unutmanın öğrenmeyi güçlendirmesi iyi bir paradoks; aralıklı tekrar planı yüksek kaydetme değeri taşıyor.,Standart doğrulama
293,1744,Küçük Bir Ada Çöküşten Nasıl Kaçtı?,Tarih,Tarih,Collapse,Jared Diamond,2,Zengin,12,6,13,10,8,7,18,4,78,Revize et,Kart testi,"Uygulanabilir çerçeve, hikâyeyi geri dönüp kaydetmeye değer kılıyor; olay örgüsü geliştirilmeli.",Kaynak kontrolü önerilir
294,1760,Ağaçların Gizli Ağı,Psikoloji,Psikoloji,The Hidden Life of Trees,Peter Wohlleben,2,Zengin,11,7,13,9,9,7,18,4,78,Revize et,Kart testi,Duygusal karşıtlık paylaşma ve kişisel anlatma isteğini yükseltiyor; olay örgüsü geliştirilmeli.,Kaynak kontrolü önerilir
295,1777,Bagajdan Doğan Nike,Liderlik,Liderlik,Shoe Dog,Phil Knight,2,Zengin,12,5,13,9,7,9,18,5,78,Revize et,Kart testi,Somut sahne ve sayısal ayrıntı güçlü bir video açılışı sağlıyor; ilk saniye etkisi yeterli.,Standart doğrulama
296,1779,Devralınan Şirketleri Değiştirmemek,Liderlik,Liderlik,The Ride of a Lifetime,Robert Iger,2,Zengin,12,6,13,8,8,9,18,4,78,Revize et,Kart testi,Merak sorusu ve karşıtlık ilk saniye etkisini güçlendiriyor; ilk saniye etkisi yeterli.,Kaynak kontrolü önerilir
297,1794,Boş Konfeti,Liderlik,Liderlik,Delivering Happiness,Tony Hsieh,C1,Zengin,11,7,13,10,8,8,18,3,78,Revize et,Kart testi,"Uygulanabilir çerçeve, hikâyeyi geri dönüp kaydetmeye değer kılıyor; ilk saniye etkisi geliştirilmeli.",Kaynak kontrolü şart
298,1706,Bir Yüz Neden Binlerce İstatistikten Güçlüdür?,Psikoloji,Psikoloji,Against Empathy,Paul Bloom,2,Zengin,12,7,13,9,9,7,17,4,78,Revize et,Kart testi,Duygusal karşıtlık paylaşma ve kişisel anlatma isteğini yükseltiyor; olay örgüsü geliştirilmeli.,Kaynak kontrolü önerilir
299,1727,Aynı Dosyaya Bakan Uzmanlar Neden Farklı Fiyat Söyledi?,Finans,İş & Girişim,Noise,"Daniel Kahneman, Olivier Sibony ve Cass R. Sunstein",2,Zengin,12,7,13,9,9,7,17,4,78,Revize et,Kart testi,Duygusal karşıtlık paylaşma ve kişisel anlatma isteğini yükseltiyor; olay örgüsü geliştirilmeli.,Kaynak kontrolü önerilir
300,1761,Ne Bitki Ne Hayvan: Mantarların Dünyası,Psikoloji,Psikoloji,Entangled Life,Merlin Sheldrake,2,Zengin,12,7,13,10,8,7,17,4,78,Revize et,Kart testi,Duygusal karşıtlık paylaşma ve kişisel anlatma isteğini yükseltiyor; olay örgüsü geliştirilmeli.,Kaynak kontrolü önerilir
301,1775,Yokluğun Zihni Daraltması,Finans,İş & Girişim,Scarcity,Sendhil Mullainathan ve Eldar Shafir,2,Zengin,12,6,13,10,9,7,17,4,78,Revize et,Kart testi,Duygusal karşıtlık paylaşma ve kişisel anlatma isteğini yükseltiyor; olay örgüsü geliştirilmeli.,Kaynak kontrolü önerilir
302,1801,Evet'in Ağırlığı,Liderlik,Liderlik,The Culture Map,Erin Meyer,C2,Zengin,11,6,13,11,8,8,17,4,78,Revize et,Carousel,Duygusal karşıtlık paylaşma ve kişisel anlatma isteğini yükseltiyor; ilk saniye etkisi geliştirilmeli.,Kaynak kontrolü önerilir
303,1802,Sözleşmeden Önce Kahve,Liderlik,Liderlik,The Culture Map,Erin Meyer,C2,Zengin,12,6,13,9,8,9,17,4,78,Revize et,Kart testi,Merak sorusu ve karşıtlık ilk saniye etkisini güçlendiriyor; ilk saniye etkisi yeterli.,Kaynak kontrolü önerilir
304,1806,Des Plaines’teki İlk Kopya,Liderlik,Liderlik,Grinding It Out,Ray Kroc,C2,Zengin,13,5,13,11,7,7,17,5,78,Revize et,Carousel,Somut sahne ve sayısal ayrıntı güçlü bir video açılışı sağlıyor; olay örgüsü geliştirilmeli.,Standart doğrulama
305,1808,Hamburger Üniversitesi,Liderlik,Liderlik,Grinding It Out,Ray Kroc,C2,Zengin,12,7,13,10,8,7,17,4,78,Revize et,Kart testi,Duygusal karşıtlık paylaşma ve kişisel anlatma isteğini yükseltiyor; olay örgüsü geliştirilmeli.,Kaynak kontrolü önerilir
306,1378,Öğrenilmiş çaresizlik deneyi,Psikoloji,Psikoloji,İyimserlik Öğrenmek,Martin Seligman,1,Temel,14,8,12,8,9,9,17,1,78,Revize et,Kart testi,Kaçabilecekken yerde kalan köpek unutulmaz bir sahne; depresyonu kimyasal olmayan öğrenmeye indirgemek sakıncalı.,Kaynak kontrolü şart
307,1274,Öğleden sonra çöküşü ve şekerleme sırrı,Verimlilik,Verimlilik,Saatlerin Efendisi,Daniel Pink,1,Temel,13,6,12,13,8,7,16,3,78,Revize et,Carousel,"Öğleden sonra çöküşü ve “nappuccino” uygulanabilir, akılda kalıcı; süre ve performans iddiaları netleşmeli.",Kaynak kontrolü şart
308,1331,Çaresizlik döngüsü ve sorumluluk,Büyüme,Kişisel Gelişim,Özgür Olmak,Mark Manson,1,Temel,13,7,12,11,9,7,16,3,78,Revize et,Carousel,Hata ile sorumluluk ayrımı güçlü ve güçlendirici; mağdurluk dili ile Frankl atfı hassas kullanılmalı.,Kaynak kontrolü şart
309,1376,Kontrol edilebilen ve edilemeyen,Felsefe,Felsefe,Stoacılık,Marcus Aurelius,1,Temel,12,7,12,13,9,7,16,2,78,Revize et,Carousel,Kontrol ayrımı çok kullanışlı; öğretinin Marcus’a özgü sunulması ve mutluluk iddiası aşırı kesin.,Kaynak kontrolü şart
310,1348,Uyku ve hafıza pekiştirme,Felsefe,Öğrenme,Öğrenmeyi Öğrenmek,Peter Brown,1,Temel,13,6,11,13,8,8,16,3,78,Revize et,Carousel,Aynı 12 saatte uyuyan grubun üstünlüğü iyi deney akışı sunuyor; akşam çalışma tavsiyesi fazla genellenmiş.,Kaynak kontrolü şart
311,1280,Cesur liderliğin bedeli,Liderlik,Liderlik,Karanlığın Ötesi,Brené Brown,1,Temel,12,7,11,13,9,7,15,4,78,Revize et,Carousel,Zor konuşmayı tek cümleyle başlatma önerisi uygulanabilir ve güncel; anlatı örneği biraz genel kalıyor.,Kaynak kontrolü önerilir
312,1324,Sabah sayfaları ritüeli,Verimlilik,Yaratıcılık,Yaratıcı Beyin,Julia Cameron,1,Temel,12,7,11,14,9,7,15,3,78,Revize et,Carousel,Üç sabah sayfası hemen denenebilir ve kaydedilebilir; katılımcıların çoğu iddiası ölçüsüz kalıyor.,Kaynak kontrolü şart
313,1326,Sanatçı buluşması ve ilham besleme,Verimlilik,Yaratıcılık,Yaratıcı Beyin,Julia Cameron,1,Temel,12,7,11,13,9,7,15,4,78,Revize et,Carousel,"Kuruyan kuyu metaforu ve haftalık sanatçı buluşması yaratıcılar için sıcak, somut ve uygulanabilir.",Kaynak kontrolü önerilir
314,1371,Yansıtma ve derin dinleme,İletişim,Müzakere,İnsanı Anlamak,Chris Voss,1,Temel,12,6,11,14,9,7,15,4,78,Revize et,Carousel,"Son üç kelimeyi tekrarlama tekniği şaşırtıcı derecede basit, örnekli ve hemen denenebilecek kadar somut.",Kaynak kontrolü önerilir
315,1382,Sosyal yatırım ve bağlantı kalkanı,Psikoloji,Mutluluk,Mutluluğun Peşinde,Shawn Achor,1,Temel,12,8,11,12,10,7,15,3,78,Revize et,Carousel,Streste içe kapanmak yerine bağ kurma önerisi sıcak ve uygulanabilir; hormon açıklamaları kaynak istemekte.,Kaynak kontrolü şart
316,1418,Dört eylem çerçevesi,Liderlik,Strateji,Mavi Okyanus Stratejisi,W. Chan Kim,1,Temel,11,6,11,14,10,7,15,4,78,Revize et,Carousel,Yok et-azalt-artır-yarat çerçevesi yüksek kaydetme değeri ve güçlü bir sesli çalışma sorusu sunuyor.,Kaynak kontrolü önerilir
317,1062,Çevre tasarımı ile alışkanlık,Sağlık,Alışkanlıklar,Atomic Habits,James Clear,1,Temel,13,7,10,14,8,7,15,4,78,Revize et,Carousel,"Kola ve su yerleşimi görünür bir deney, net sonuç ve hemen uygulanabilecek çevre tasarımı dersi sunuyor.",Kaynak kontrolü önerilir
318,1705,"Akış Rahatken Değil, Sınırdayken Neden Gelir?",Psikoloji,Psikoloji,Flow,Mihaly Csikszentmihalyi,2,Zengin,12,5,13,10,8,7,18,4,77,Kartla test,Kart testi,"Uygulanabilir çerçeve, hikâyeyi geri dönüp kaydetmeye değer kılıyor; olay örgüsü geliştirilmeli.",Kaynak kontrolü önerilir
319,1712,Platon’a Göre İktidarı En Çok Kim Hak Eder?,Felsefe,Sosyoloji,The Republic,Plato,2,Zengin,12,7,13,9,9,6,17,4,77,Kartla test,Kart testi,Duygusal karşıtlık paylaşma ve kişisel anlatma isteğini yükseltiyor; olay örgüsü geliştirilmeli.,Kaynak kontrolü önerilir
320,1750,John Glenn'in Güvendiği Hesap,Tarih,Tarih,Hidden Figures,Margot Lee Shetterly,2,Zengin,13,4,13,10,8,7,17,5,77,Kartla test,Kart testi,Somut sahne ve sayısal ayrıntı güçlü bir video açılışı sağlıyor; olay örgüsü geliştirilmeli.,Standart doğrulama
321,1762,Denizde Kaybolmayı Bitiren Saat,Psikoloji,Psikoloji,Longitude,Dava Sobel,2,Zengin,13,4,13,10,8,7,17,5,77,Kartla test,Kart testi,Somut sahne ve sayısal ayrıntı güçlü bir video açılışı sağlıyor; olay örgüsü geliştirilmeli.,Standart doğrulama
322,1780,Kural Kitabını Yırtmak,Liderlik,Liderlik,No Rules Rules,Reed Hastings ve Erin Meyer,2,Zengin,12,7,13,10,9,6,17,3,77,Kartla test,Kart testi,Duygusal karşıtlık paylaşma ve kişisel anlatma isteğini yükseltiyor; olay örgüsü geliştirilmeli.,Kaynak kontrolü şart
323,1783,Bay Piyasa ile Ortaklık,Finans,Finans,The Intelligent Investor,Benjamin Graham,F5,Zengin,13,5,13,10,7,7,17,5,77,Kartla test,Kart testi,Somut sahne ve sayısal ayrıntı güçlü bir video açılışı sağlıyor; olay örgüsü geliştirilmeli.,Standart doğrulama
324,1787,Suyun Sessiz Gücü,Felsefe,Felsefe,Tao Te Ching,Lao Tzu,F5,Zengin,11,7,13,10,9,6,17,4,77,Kartla test,Kart testi,Duygusal karşıtlık paylaşma ve kişisel anlatma isteğini yükseltiyor; olay örgüsü geliştirilmeli.,Kaynak kontrolü önerilir
325,1790,Serengeti'de Bir Pavyan Sürüsü,Sağlık,Sağlık,Why Zebras Don't Get Ulcers,Robert M. Sapolsky,F6,Zengin,12,7,13,10,8,7,17,3,77,Kartla test,Kart testi,Duygusal karşıtlık paylaşma ve kişisel anlatma isteğini yükseltiyor; olay örgüsü geliştirilmeli.,Kaynak kontrolü şart
326,1085,Wright Kardeşler ve Samuel Langley,Liderlik,Liderlik,Başlangıç Noktası,Simon Sinek,1,Temel,14,8,12,10,9,7,16,1,77,Kartla test,Kart testi,Milyonluk laboratuvar ile bisiklet dükkânı güçlü karşıtlık; sonucu yalnızca neden duygusuna bağlamak hatalı.,Kaynak kontrolü şart
327,1291,İki babanın iki dersi,Finans,Finans,Zengin Baba Fakir Baba,Robert Kiyosaki,1,Temel,13,6,12,12,8,8,16,2,77,Kartla test,Carousel,İki baba ve iki cümle çok net bir karşıtlık kuruyor; biyografik gerçeklik ve finans genellemeleri tartışmalı.,Kaynak kontrolü şart
328,1333,Umut paradoksu,Felsefe,Felsefe,Her Şey Yolunda,Mark Manson,1,Temel,13,7,12,10,9,7,16,3,77,Kartla test,Kart testi,Umudun şimdiyi yetersizleştirmesi dikkat çekici bir paradoks; umut hakkında fazla mutlak konuşuyor.,Kaynak kontrolü şart
329,1396,Sonsuz ve sonlu oyun farkı,Liderlik,Strateji,Sonsuz Oyun,Simon Sinek,1,Temel,12,6,12,12,9,7,16,3,77,Kartla test,Carousel,"Sonlu ve sonsuz oyun ayrımı net, paylaşılabilir bir zihinsel model; şirket örnekleri seçmeci kalıyor.",Kaynak kontrolü şart
330,1421,Beş saniyelik kural ve momentum,Sağlık,Alışkanlıklar,Mucize Sabah 2,Hal Elrod,1,Temel,13,7,12,12,9,7,16,1,77,Kartla test,Carousel,Beş saniyelik tereddüt kapısı net ve uygulanabilir; Elrod-Mel Robbins atfı ile prefrontal açıklama güven vermiyor.,Kaynak kontrolü şart
331,1282,Santiago'nun tekrarlayan rüyası,Büyüme,İlham,Kaybedilen Cennet,Paulo Coelho,1,Temel,12,8,11,8,9,8,16,5,77,Kartla test,Kart testi,Santiago’nun rüya uğruna sürüden vazgeçişi duygusal ve sinematik; kurmaca bağlamı açık biçimde korunuyor.,Standart doğrulama
332,1294,Muse ve ürün testi deneyi,Verimlilik,Verimlilik,The 4-Hour Workweek,Tim Ferriss,1,Temel,13,6,11,13,8,8,16,2,77,Kartla test,Carousel,48 saatlik test girişimcilere somut yöntem veriyor; sahte satın alma akışının etik ve tarihsel yönü açıklanmalı.,Kaynak kontrolü şart
333,1263,"Şu an yapıyor olmak, olmak değildir",Felsefe,Felsefe,Ego Is the Enemy,Ryan Holiday,1,Temel,12,7,12,12,9,6,15,4,77,Kartla test,Carousel,Yapmak ile olmak ayrımı kimlik üzerine güçlü bir içgörü ve kişisel sesli yanıt doğuruyor.,Kaynak kontrolü önerilir
334,1278,Gizler ve sırları aramak,Verimlilik,Girişimcilik,Sıfır'dan Bir'e,Peter Thiel,1,Temel,13,7,12,10,10,7,15,3,77,Kartla test,Kart testi,Konsensüse aykırı doğruyu bulma sorusu güçlü sohbet üretir; şirket örnekleri sonucu fazla kolaylaştırıyor.,Kaynak kontrolü şart
335,1386,Hiçbir zaman iki gün üst üste atla,Sağlık,Sağlık,Sağlıklı Olmak,James Clear,1,Temel,12,7,12,13,9,7,15,2,77,Kartla test,Carousel,“İki kez kaçırma” mükemmeliyetçiliği kıran güçlü bir kural; iki günde yeni norm açıklaması kanıtsız.,Kaynak kontrolü şart
336,1246,İlham perisi kapıya geldiğinde,Verimlilik,Yaratıcılık,Yaratıcı Olmak,Elizabeth Gilbert,1,Temel,12,7,11,12,9,7,15,4,77,Kartla test,Carousel,"Çiftçi benzetmesi disiplin fikrini sıcak, uygulanabilir ve sesli düşünmeye açık bir anlatıya çeviriyor.",Kaynak kontrolü önerilir
337,1332,Belirsizliği kucaklamak,Büyüme,Kişisel Gelişim,Özgür Olmak,Mark Manson,1,Temel,12,7,11,12,10,7,15,3,77,Kartla test,Carousel,“Yanılıyor olabilirim” ilkesi kaydedilebilir ve güçlü sohbet açar; bağımlılık örnekleri fazla geniş bağlanmış.,Kaynak kontrolü şart
338,1340,Uyku ritueli ve ortam tasarımı,Sağlık,Sağlık,Uyku Devrimi,Arianna Huffington,1,Temel,12,6,11,14,9,7,15,3,77,Kartla test,Carousel,Telefonu odadan çıkarma ve banyo ritüeli hemen uygulanabilir; uyku kalitesi-süre kıyası aşırı genellenmiş.,Kaynak kontrolü şart
339,1385,Çevre ve sağlık kararları,Sağlık,Sağlık,Sağlıklı Olmak,James Clear,1,Temel,12,6,11,14,9,7,15,3,77,Kartla test,Carousel,Meyveyi görünür kılma müdahalesi basit ve yüksek kullanım değeri taşıyor; yüzde 18 verisi kaynaklanmalı.,Kaynak kontrolü şart
340,1394,80/20 ve kritik görevler,Verimlilik,Verimlilik,Yeme Bozukluğu,Brian Tracy,1,Temel,12,6,11,14,9,7,15,3,77,Kartla test,Carousel,ABCDE görev listesi yüksek kullanım değeri taşıyor; 80/20 oranı kesin yasa gibi ele alınmamalı.,Kaynak kontrolü şart
341,1395,Odaklanma ve tek görev ilkesi,Verimlilik,Verimlilik,Yeme Bozukluğu,Brian Tracy,1,Temel,12,6,11,14,9,7,15,3,77,Kartla test,Carousel,Tek görev blokları doğrudan uygulanabilir; yüzde 40 verim kaybı araştırması açık kaynakla desteklenmeli.,Kaynak kontrolü şart
342,1111,Mor inek metaforu,Finans,Pazarlama,Purple Cow,Seth Godin,1,Temel,14,7,10,12,8,7,15,4,77,Kartla test,Carousel,"Mor inek tek karede anlaşılır ve marka tartışması açar; güçlü, basit ve görsel bir metafor.",Kaynak kontrolü önerilir
343,1122,Craving döngüsü ve diş macunu,Sağlık,Alışkanlıklar,Alışkanlıkların Gücü,Charles Duhigg,1,Temel,14,7,10,14,8,7,15,2,77,Kartla test,Carousel,Ağızdaki karıncalanmayı ödüle çeviren reklam öyküsü canlı; yaygınlık ve mekanizma iddiaları teyit ister.,Kaynak kontrolü şart
344,1129,Beynin plastikliği ve yeniden yazılma,Psikoloji,Psikoloji,Büyüme Zihniyeti,Carol Dweck,1,Temel,14,7,10,13,9,7,15,2,77,Kartla test,Carousel,Taksi şoförlerinin değişen beyni görsel kanıt sunuyor; bunu tüm yeteneklere taşımak nüans gerektiriyor.,Kaynak kontrolü şart
345,1244,Koch'un çalışma saatlerini yarıya indirmesi,Verimlilik,Verimlilik,Pareto İlkesi,Richard Koch,1,Temel,13,7,10,14,9,7,15,2,77,Kartla test,Carousel,80 saatten 50 saate inerken gelirin artması güçlü karşıtlık; sonuçlar öz anlatıya dayanıyor.,Kaynak kontrolü şart
346,1070,Carl Jung'un taş kulesi inzivası,Verimlilik,Verimlilik,Derin Çalışma,Cal Newport,1,Temel,13,8,9,12,9,7,15,4,77,Kartla test,Carousel,"Taş kule, sessizlik ve Jung figürü güçlü görüntü kuruyor; odak üzerine kişisel bir yanıt doğuruyor.",Kaynak kontrolü önerilir
347,1163,İlk izlenim ve Warren Harding hatası,Psikoloji,Psikoloji,Sezgi Gücü,Malcolm Gladwell,1,Temel,14,8,11,11,9,7,14,3,77,Kartla test,Carousel,Başkan gibi görünmenin kötü başkana dönüşmesi güçlü uyarı; ilk izlenim için net bir denge sunuyor.,Kaynak kontrolü şart
348,1128,'Henüz' kelimesinin gücü,Psikoloji,Psikoloji,Büyüme Zihniyeti,Carol Dweck,1,Temel,13,8,10,14,9,7,14,2,77,Kartla test,Carousel,Başarısız yerine henüz yazılması güçlü bir dil dönüşümü; okul sonuçlarının kapsamı doğrulanmalı.,Kaynak kontrolü şart
349,1135,Bağlanma ve başarı ilişkisi,Psikoloji,Psikoloji,Sosyal Hayvan,David Brooks,1,Temel,13,9,10,13,9,7,14,2,77,Kartla test,Carousel,Bebekten yetişkine 30 yıllık izleme duygusal ve önemli; IQ'dan güçlü öngörü iddiası dikkatle kaynaklanmalı.,Kaynak kontrolü şart
350,1206,Kişisel efsane ve kader,Büyüme,İlham,Kaybedilen Cennet,Paulo Coelho,1,Temel,13,8,10,11,10,7,14,4,77,Kartla test,Carousel,Evrenin komploya katılması akılda kalır ve umut verir; mistik çerçeve ile pratik açıklama dengelenmiş.,Kaynak kontrolü önerilir
351,1233,Akıl ve kalp — değişimin iki motoru,Büyüme,Değişim,Değişimin Gücü,Chip Heath,1,Temel,13,7,10,14,9,6,14,4,77,Kartla test,Carousel,"Fil, binici ve yol üçlüsü değişimi somutlaştırır; pratik ve kolayca yeniden anlatılabilir.",Kaynak kontrolü önerilir
352,1113,Çöküşün ortasında büyümek — çukurun sonu,Finans,Pazarlama,Purple Cow,Seth Godin,1,Temel,13,8,9,13,10,6,14,4,77,Kartla test,Carousel,"Başlangıç coşkusu ile ustalık arasındaki çukur, kişisel örnek çağıran güçlü ve kalıcı bir metafor.",Kaynak kontrolü önerilir
353,1131,Bankta oturan adam,Psikoloji,Farkındalık,Şimdi ve Burada,Eckhart Tolle,1,Temel,13,8,9,12,10,7,14,4,77,Kartla test,Carousel,"Banktaki adamın dışarıdaki sesi iç sese çevirmesi sade, şaşırtıcı ve iç gözleme çok uygun.",Kaynak kontrolü önerilir
354,1167,Rock tırmanıcısının zaman kaybı,Psikoloji,Psikoloji,Flow,Mihaly Csikszentmihalyi,1,Temel,13,8,9,12,10,7,14,4,77,Kartla test,Carousel,Kayada zamanın kaybolması akış duygusunu bedenselleştiriyor ve izleyicide hemen kişisel anı çağırıyor.,Kaynak kontrolü önerilir
355,1545,Kıtlık ve kayıp korkusu — kazanmak değil kaybetmemek motive eder,Psikoloji,Psikoloji,Evet Dedirtmek,Noah Goldstein,1,Temel,12,7,12,14,8,6,13,5,77,Kartla test,Carousel,Kayıptan kaçınma kazanç-kayıp karşılaştırmasıyla hemen hissedilir; gündelik örnekler paylaşımı destekler.,Standart doğrulama
356,1141,Yeterlilik ve utanç kıskacı,Büyüme,Kişisel Gelişim,Cesaret Vermek,Brené Brown,1,Temel,12,9,10,13,10,6,13,4,77,Kartla test,Carousel,Kötü yaptım ile kötüyüm ayrımı kişisel ve kaydedilebilir; görsel olay örgüsü sınırlı.,Kaynak kontrolü önerilir
357,1151,Tutkuyu bulmak: Bilmek değil keşfetmek,Büyüme,Motivasyon,Azim,Angela Duckworth,1,Temel,12,8,10,14,10,6,13,4,77,Kartla test,Carousel,"Tutkuyu bulma baskısını keşif sürecine çevirmek rahatlatıcı, uygulanabilir ve sesli düşünmeye uygun.",Kaynak kontrolü önerilir
358,1226,Onay ihtiyacı ve özgürlük,Felsefe,Felsefe,Cesur Olmak,Ichiro Kishimi,1,Temel,13,9,10,12,10,7,13,3,77,Kartla test,Carousel,Sevilmeme cesareti güçlü karşıtlık ve kişisel itiraf çağrısı yaratıyor; psikoloji çerçevesi sadeleştirilmiş.,Kaynak kontrolü şart
359,1561,Jon Kabat-Zinn'in hastanesi — MBSR'nin doğuşu,Sağlık,Sağlık,Farkındalık Temelli Yaşam,Jon Kabat-Zinn,1,Temel,12,7,12,14,8,7,12,5,77,Kartla test,Carousel,Hastaneden doğan MBSR yaklaşımı umut ve kanıt hissi verir; süreç görselleri eklenirse video güçlenir.,Standart doğrulama
360,1387,Ateş üzerinde yürümek,Büyüme,Motivasyon,İçsel Güç,Tony Robbins,1,Temel,14,8,13,4,9,9,18,1,76,Kartla test,Kart testi,Kor ateş sahnesi çok dikkat çekici ve sinematik; ciddi yanık riski nedeniyle davranış çağrısı güvenli değil.,Kaynak kontrolü şart
361,1769,Bir Davranışın Bir Saniye Öncesi,Finans,İş & Girişim,Behave,Robert M. Sapolsky,2,Zengin,12,5,13,10,8,7,18,3,76,Kartla test,Kart testi,"Uygulanabilir çerçeve, hikâyeyi geri dönüp kaydetmeye değer kılıyor; olay örgüsü geliştirilmeli.",Kaynak kontrolü şart
362,1782,Kolay Cevabı Olmayan Kararlar,Liderlik,Liderlik,The Hard Thing About Hard Things,Ben Horowitz,2,Zengin,12,5,13,9,7,8,18,4,76,Kartla test,Kart testi,Merak sorusu ve karşıtlık ilk saniye etkisini güçlendiriyor; olay örgüsü yeterli.,Kaynak kontrolü önerilir
363,1289,Yüzde kırk kuralı,Büyüme,Motivasyon,Can't Hurt Me,David Goggins,1,Temel,14,8,13,7,8,8,17,1,76,Kartla test,Kart testi,Ultra maraton sahnesi çok güçlü; yüzde kırk iddiası bilimsel kural gibi sunulunca tehlikeli olabilir.,Kaynak kontrolü şart
364,1403,New York'ta suç salgını ve kırık cam teorisi,Felsefe,Sosyoloji,Devrilme Noktası,Malcolm Gladwell,1,Temel,14,7,13,7,9,9,17,0,76,Kartla test,Kart testi,Turnike müdahalesi çok güçlü bir anlatı; New York suç düşüşünü kırık cam politikasına bağlamak tartışmalı ve riskli.,Kaynak kontrolü şart
365,1757,Tek Denklemin Riski,Psikoloji,Psikoloji,A Brief History of Time,Stephen Hawking,2,Zengin,11,6,13,9,8,8,17,4,76,Kartla test,Kart testi,Merak sorusu ve karşıtlık ilk saniye etkisini güçlendiriyor; ilk saniye etkisi geliştirilmeli.,Kaynak kontrolü önerilir
366,1797,Çıkış Kapısındaki Teklif,Liderlik,Liderlik,Delivering Happiness,Tony Hsieh,C1,Zengin,12,7,13,8,8,7,17,4,76,Kartla test,Kart testi,Duygusal karşıtlık paylaşma ve kişisel anlatma isteğini yükseltiyor; olay örgüsü geliştirilmeli.,Kaynak kontrolü önerilir
367,1800,Sandviçin İçindeki Eleştiri,Liderlik,Liderlik,The Culture Map,Erin Meyer,C2,Zengin,12,5,13,10,7,8,17,4,76,Kartla test,Kart testi,"Uygulanabilir çerçeve, hikâyeyi geri dönüp kaydetmeye değer kılıyor; olay örgüsü yeterli.",Kaynak kontrolü önerilir
368,1457,Synesthesia — duyuların birbirine karışması,Psikoloji,Nörobilim,Beynin Sırları,V.S. Ramachandran,1,Temel,12,7,12,11,8,6,16,4,76,Kartla test,Carousel,Renkleri duyan insanlar anında görsel merak yaratır; sinestezi örnekleri kısa videoda çok canlı işler.,Kaynak kontrolü önerilir
369,1209,Hayatta kalma zihni,Büyüme,Motivasyon,Can't Hurt Me,David Goggins,1,Temel,14,9,9,10,9,6,16,3,76,Kartla test,Kart testi,Şiddet dolu çocukluktan SEAL ve ultramaratona geçiş güçlü; geniş yaşam özeti kaynak ve nüans ister.,Kaynak kontrolü şart
370,1491,Kapitalizm ve bağımlılık ekonomisi,Felsefe,Toplum,Bağımlılık Çağı,Johann Hari,1,Temel,12,7,13,12,8,6,15,3,76,Kartla test,Carousel,Bağımlılık ekonomisi ürün tasarımıyla kişisel iradeyi karşı karşıya getiriyor; tartışma ve paylaşım doğurur.,Kaynak kontrolü şart
371,1411,İçe dönükler ve dışa dönükler arasındaki fark,Psikoloji,Psikoloji,Sessizlik,Susan Cain,1,Temel,12,7,12,11,10,7,15,2,76,Kartla test,Carousel,Utangaçlık-içe dönüklük ayrımı rahatlatıcı; bebek tepkisini yetişkin kişiliğine bağlayan nöroloji basitleştirilmiş.,Kaynak kontrolü şart
372,1438,Empatinin karanlık yüzü — önyargılı acı,Psikoloji,Psikoloji,Against Empathy,Paul Bloom,1,Temel,12,7,12,12,8,6,15,4,76,Kartla test,Carousel,Empatinin karanlık yüzü beklenmedik ve tartışmalı; liderlik videosuna güçlü karşıtlık sunuyor.,Kaynak kontrolü önerilir
373,1468,Kahve evi ve fikir ekosistemi,Verimlilik,Yaratıcılık,Büyük Fikirler,Steven Johnson,1,Temel,12,7,12,11,8,7,15,4,76,Kartla test,Carousel,Kahvehanelerden doğan fikir ekosistemi dönem atmosferi ve karşılaşmalarla zengin bir video malzemesi sunuyor.,Kaynak kontrolü önerilir
374,1473,Derin oyun ve yenileme,Verimlilik,Verimlilik,Dinlenmenin Gücü,Alex Soojung-Kim Pang,1,Temel,11,7,12,13,8,6,15,4,76,Kartla test,Carousel,Derin oyun başarılı insanların hobilerini anlamlı kılıyor; izleyiciyi kendi yenilenme alanını düşünmeye iter.,Kaynak kontrolü önerilir
375,1487,Dikkat ekonomisi ve dikkat mimarisi,Verimlilik,Verimlilik,Çalınan Dikkat,Johann Hari,1,Temel,12,6,12,13,8,6,15,4,76,Kartla test,Carousel,Dikkat ekonomisinin bizi ürün yapması çarpıcı ve güncel; bildirim görselleriyle hızlıca anlaşılır.,Kaynak kontrolü önerilir
376,1578,Amaç — para ve statünün ötesindeki üçüncü katman,Büyüme,Motivasyon,İşte Anlam,Daniel Pink,1,Temel,12,7,12,13,8,6,15,3,76,Kartla test,Carousel,Amaç duygusunu TOMS örneğiyle bağlamak motive edici; beyin merkezi ve performans iddiaları temkinli sunulmalı.,Kaynak kontrolü şart
377,1586,Zaman kısıtlı beslenme — sadece yeme penceresini daraltmak,Sağlık,Sağlık,Sirkadyen Kod,Satchin Panda,1,Temel,12,6,12,14,8,6,15,3,76,Kartla test,Carousel,Yeme penceresi fare deneyinden günlük rutine bağlanıyor; insan sonuçları ve sınırlar açıkça ayrılmalı.,Kaynak kontrolü şart
378,1604,Soğuk duş ve buz banyosu — stresin ters çevrilmesi,Sağlık,Sağlık,Soğuk Yöntem,Wim Hof,1,Temel,12,7,12,14,8,6,15,2,76,Kartla test,Carousel,Soğuk duş meydan okuması davranışa dönük ve paylaşılabilir; geniş bağışıklık vaatleri güveni azaltıyor.,Kaynak kontrolü şart
379,1072,J.K. Rowling'in otel odası sırrı,Verimlilik,Verimlilik,Derin Çalışma,Cal Newport,1,Temel,14,7,11,11,8,7,15,3,76,Kartla test,Carousel,"Rowling ve otel odası sinematik, tanınır ve paylaşılır; bazı çalışma ayrıntıları teyit edilmeli.",Kaynak kontrolü şart
380,1251,Zenginliğin gerçek tanımı,Finans,Finans,Money: Master the Game,Tony Robbins,1,Temel,12,6,11,14,8,6,15,4,76,Kartla test,Carousel,"Zenginliği kişisel bir eşiğe indiren çerçeve son derece kaydedilebilir, fakat hikâye gerilimi sınırlı.",Kaynak kontrolü önerilir
381,1275,Son adım etkisi ve bitiş gücü,Verimlilik,Verimlilik,Saatlerin Efendisi,Daniel Pink,1,Temel,13,6,11,12,8,7,15,4,76,Kartla test,Carousel,"29 yaş maraton verisi merak uyandırıyor ve yapay bitiş çizgisi somut, kaydedilebilir bir yöntem veriyor.",Kaynak kontrolü önerilir
382,1287,Sessizliğin içindeki bilgelik,Felsefe,Felsefe,İnsan Nasıl Düşünür,James Allen,1,Temel,12,7,11,12,9,7,15,3,76,Kartla test,Carousel,Sessizlik önerisi düşük eşikli ve içe dönük; tarihsel örnekler ile nöroloji bağı gereğinden kesin kuruluyor.,Kaynak kontrolü şart
383,1337,Rahat ve rahatsız beden — temel çizgi,İletişim,İletişim,Beden Dili,Joe Navarro,1,Temel,12,6,11,12,9,7,15,4,76,Kartla test,Carousel,"Kalıp işaretler yerine kişisel temel çizgi önerisi dengeli, uygulanabilir ve yanlış okumayı azaltıyor.",Kaynak kontrolü önerilir
384,1344,Egonun sesi ve gözlemci,Psikoloji,Farkındalık,Meditasyon,Dan Harris,1,Temel,12,7,11,11,10,7,15,3,76,Kartla test,Carousel,İç ses ile gözlemci ayrımı çok ilişkilendirilebilir; felsefi sonuç gerçeklik iddiası gibi sunulmamalı.,Kaynak kontrolü şart
385,1352,1-3-5 kuralı ve günlük odak,Sağlık,Alışkanlıklar,Bir Sonraki Seviye,Robin Sharma,1,Temel,12,6,11,14,9,7,15,2,76,Kartla test,Carousel,1-3-5 listesi kolay uygulanır ve kaydedilir; “en verimli liderler” gözlemi ile atıf kaynaklandırılmamış.,Kaynak kontrolü şart
386,1419,Stratejik tuval ve görsel strateji,Liderlik,Strateji,Mavi Okyanus Stratejisi,W. Chan Kim,1,Temel,12,6,11,13,9,7,15,3,76,Kartla test,Carousel,Rakip eğrilerini çizmek somut bir strateji aracı; Southwest örneği daha dikkatli tarihsel bağlama ihtiyaç duyuyor.,Kaynak kontrolü şart
387,1423,"Nereye gidersen git, orada ol",Psikoloji,Farkındalık,Mindfulness,Jon Kabat-Zinn,1,Temel,12,7,11,11,9,7,15,4,76,Kartla test,Carousel,"Beden burada, zihin başka yerde açılışı tanıdık ve düşündürücü; yüzde 47 verisi bağlama oturuyor.",Kaynak kontrolü önerilir
388,1373,Kategori sırasının önemi,Felsefe,Yaşam,The Life-Changing Magic of Tidying Up,Marie Kondo,1,Temel,12,6,10,14,8,7,15,4,76,Kartla test,Carousel,Kıyafetten anılara kategori sırası çok pratik ve kaydedilebilir; dramatik dönüşü daha sınırlı.,Kaynak kontrolü önerilir
389,1492,Depresyonun dokuz nedeni,Psikoloji,Psikoloji,Kayıp Bağlantılar,Johann Hari,1,Temel,12,8,12,14,8,6,14,2,76,Kartla test,Carousel,Depresyonun dokuz nedeni yalnızlığı görünür kılıyor ve kaydetmelik; klinik genellemeler dikkatle çerçevelenmeli.,Kaynak kontrolü şart
390,1502,Gerçek korku ile endişe arasındaki fark,Tarih,Güvenlik,Korkudan Öğrenmek,Gavin de Becker,1,Temel,11,7,12,14,8,6,14,4,76,Kartla test,Carousel,Korku ile endişeyi ayırmak rahatlatıcı ve uygulanabilir; beden sinyali sorusu kaydetme isteği yaratır.,Kaynak kontrolü önerilir
391,1569,Yetenek yuvaları — neden bazı küçük yerler büyük yetenkler üretiyor,Liderlik,Başarı,Yetenek Kodu,Daniel Coyle,1,Temel,12,7,12,13,8,6,14,4,76,Kartla test,Carousel,Yetenek sıcak noktaları çevrenin gücünü gösteriyor; farklı şehir örnekleri görsel bir seri oluşturabilir.,Kaynak kontrolü önerilir
392,1150,Başarının formülü: Yetenek x Çaba²,Büyüme,Motivasyon,Azim,Angela Duckworth,1,Temel,13,7,11,14,9,6,14,2,76,Kartla test,Carousel,Çabanın iki kez sayılması çok akılda kalıcı; matematiksel formül bilimsel denklem gibi sunulmamalı.,Kaynak kontrolü şart
393,1061,Fotoğraf öğrencilerinin kalite vs miktar deneyi,Sağlık,Alışkanlıklar,Atomic Habits,James Clear,1,Temel,14,8,10,13,8,7,14,2,76,Kartla test,Carousel,Mükemmeliyet ile tekrar karşıtlığı çok akılda kalıcı; deney diye sunulan anekdotun kaynağı doğrulanmalı.,Kaynak kontrolü şart
394,1149,West Point'in 'Dayanma' testi,Büyüme,Motivasyon,Azim,Angela Duckworth,1,Temel,13,8,10,13,9,7,14,2,76,Kartla test,Carousel,Canavar Haftası yüksek gerilim sunuyor; grit sonucu değerli fakat öngörü gücü ve nedensellik nüans ister.,Kaynak kontrolü şart
395,1165,Bill Gates ve nadir fırsat,Liderlik,Başarı,10.000 Saat Kuralı,Malcolm Gladwell,1,Temel,13,8,10,12,9,7,14,3,76,Kartla test,Carousel,Nadir bilgisayar erişimi ile hazırlığın birleşmesi şans tartışmasını somut ve dengeli kuruyor.,Kaynak kontrolü şart
396,1520,Kalbi açık tutmak,Psikoloji,Farkındalık,İç Yolculuk,Michael A. Singer,1,Temel,12,8,12,13,9,6,13,3,76,Kartla test,Carousel,Donmuş yaranın kalbi kapatması duygusal ve şiirsel; soyut anlatı somut bir insan sahnesiyle güçlenir.,Kaynak kontrolü şart
397,1544,Taahhüt ve tutarlılık — küçük evet büyük evete zemin hazırlar,Psikoloji,Psikoloji,Evet Dedirtmek,Noah Goldstein,1,Temel,12,6,12,14,8,6,13,5,76,Kartla test,Carousel,Küçük evetin büyük taahhüde dönüşmesi hem faydalı hem tartışmalı; etik çerçeveyle güçlü kaydetmelik olur.,Standart doğrulama
398,1575,Piramit kararları — küçük adımlarla büyük yanlışlara doğru kayış,Psikoloji,Psikoloji,Hataları Kucaklamak,Carol Tavris,1,Temel,12,6,12,14,8,6,13,5,76,Kartla test,Carousel,Karar piramidi küçük seçimin kimliğe dönüşmesini sadeleştiriyor; kişisel kontrol listesi olarak kaydedilir.,Standart doğrulama
399,1601,Dakikada beş nefes — kalp ritmi ve sinir sistemi uyumu,Sağlık,Sağlık,Nefes,James Nestor,1,Temel,12,7,12,14,9,6,13,3,76,Kartla test,Carousel,Dakikada beş nefes kolay denenebilir ve kaydedilebilir; kesin sinir sistemi vaatleri yumuşatılmalı.,Kaynak kontrolü şart
400,1616,Acil durum fonu — beklenmedik olanı beklemek,Finans,Finans,Borç Devrimi,Dave Ramsey,1,Temel,11,6,12,15,8,6,13,5,76,Kartla test,Carousel,"Acil durum fonu kaygıyı somut bir güvenlik planına çeviriyor; yüksek kaydetme değeri, orta viral duygu taşıyor.",Standart doğrulama
401,1153,Boş zaman ve varoluş kaygısı,Felsefe,Felsefe,Büyük Soru,Viktor Frankl,1,Temel,12,8,10,13,10,6,13,4,76,Kartla test,Carousel,Hafta sonu boşluğundan anlam arayışına geçiş yakınlık kuruyor; küçük anlam örnekleri kaydedilebilir.,Kaynak kontrolü önerilir
402,1221,Karşılaştırmanın tuzağı,Psikoloji,Mutluluk,Şükran Günlüğü,Janice Kaplan,1,Temel,12,8,10,13,10,6,13,4,76,Kartla test,Carousel,Karşılaştırma ile şükran karşıtlığı çok relatable; hayat değişmeden bakışın değişmesi sıcak bir dönüşüm.,Kaynak kontrolü önerilir
403,1245,Mutluluğun yüzde yirmi kaynağı,Verimlilik,Verimlilik,Pareto İlkesi,Richard Koch,1,Temel,12,8,10,14,10,6,13,3,76,Kartla test,Carousel,Mutluluğun az sayıdaki kaynağını bulmak kişisel ve kaydedilebilir; yüzde seksen oranı kesin veri değil.,Kaynak kontrolü şart
404,1563,Tam felaket — zorluğu kucaklamak,Sağlık,Sağlık,Farkındalık Temelli Yaşam,Jon Kabat-Zinn,1,Temel,12,7,12,13,8,7,12,5,76,Kartla test,Carousel,Tam felaketle yaşam sözü acıyı dışlamayan olgun bir umut verir; edebî ton paylaşımı destekler.,Standart doğrulama
405,1570,Güvenlik sinyalleri — beyin kültürü nasıl okuyor,Liderlik,Liderlik,Kültür Kodu,Daniel Coyle,1,Temel,12,7,12,14,8,7,12,4,76,Kartla test,Carousel,Aidiyet sinyallerinin performansı değiştirmesi önemli ve duygulu; askerî örnek bağlamla verilirse etkili.,Kaynak kontrolü önerilir
406,1559,Yetersizlik trансı — 'bir şeyler yanlış' hissinin kökenine inmek,Psikoloji,Farkındalık,Radikal Kabul,Tara Brach,1,Temel,12,8,12,14,9,6,11,4,76,Kartla test,Carousel,Yetersizlik transı birçok kişide duygusal yankı bulur ve kaydedilir; soyut anlatı video dinamizmini azaltıyor.,Kaynak kontrolü önerilir
407,1767,Sallanan Tabaktan Nobel’e,Psikoloji,Psikoloji,"Surely You're Joking, Mr. Feynman!",Richard P. Feynman ve Ralph Leighton,2,Zengin,12,6,13,8,8,7,17,4,75,Kartla test,Kart testi,Merak sorusu ve karşıtlık ilk saniye etkisini güçlendiriyor; olay örgüsü geliştirilmeli.,Kaynak kontrolü önerilir
408,1772,Kararı Sen mi Veriyorsun?,Finans,İş & Girişim,Incognito,David Eagleman,2,Zengin,12,4,13,11,8,7,17,3,75,Kartla test,Carousel,"Uygulanabilir çerçeve, hikâyeyi geri dönüp kaydetmeye değer kılıyor; olay örgüsü geliştirilmeli.",Kaynak kontrolü şart
409,1796,Telefonda Acele Yok,Liderlik,Liderlik,Delivering Happiness,Tony Hsieh,C1,Zengin,11,6,13,10,7,7,17,4,75,Kartla test,Kart testi,"Uygulanabilir çerçeve, hikâyeyi geri dönüp kaydetmeye değer kılıyor; olay örgüsü geliştirilmeli.",Kaynak kontrolü önerilir
410,1799,Havayı Okumak,Liderlik,Liderlik,The Culture Map,Erin Meyer,C2,Zengin,11,6,13,9,8,7,17,4,75,Kartla test,Kart testi,Duygusal karşıtlık paylaşma ve kişisel anlatma isteğini yükseltiyor; olay örgüsü geliştirilmeli.,Kaynak kontrolü önerilir
411,1336,FBI ajanının gözlem sanatı,İletişim,İletişim,Beden Dili,Joe Navarro,1,Temel,14,7,12,7,9,8,17,1,75,Kartla test,Kart testi,FBI sorgusu yüksek merak ve görsel detay sunuyor; bedenden yalan çıkarma iddiası bilimsel olarak güvenilmez.,Kaynak kontrolü şart
412,1261,Howard Hughes'ın çöküşü,Felsefe,Felsefe,Ego Is the Enemy,Ryan Holiday,1,Temel,13,7,12,8,8,8,16,3,75,Kartla test,Kart testi,Hughes’ın başarıdan izolasyona düşüşü güçlü görüntüler ve ters köşe sunuyor; bazı ayrıntılar kaynak gerektiriyor.,Kaynak kontrolü şart
413,1277,Rekabetten kaçış ve monopol gücü,Verimlilik,Girişimcilik,Sıfır'dan Bir'e,Peter Thiel,1,Temel,13,5,12,11,8,7,16,3,75,Kartla test,Carousel,“Rekabet kötüdür” çıkışı dikkat çekiyor ve iyi tartışma açıyor; monopol faydası tek taraflı anlatılmış.,Kaynak kontrolü şart
414,1304,Uzman tahmini yanılgısı,Felsefe,Düşünme,Siyah Kuğu,Nassim Taleb,1,Temel,13,6,12,11,8,7,16,2,75,Kartla test,Carousel,Dart tahtası karşılaştırması dikkat çekici; adı verilmeyen araştırma ve geniş uzman genellemesi güveni düşürüyor.,Kaynak kontrolü şart
415,1401,Flash mob ve anlık koordinasyon,Bilim,Teknoloji,Zeki Kalabalıklar,Howard Rheingold,1,Temel,13,7,12,9,9,8,16,1,75,Kartla test,Kart testi,Flash mob çok görsel ve hareketli; ilk etkinliğin yeri ile tarihsel örneklerin bağlanışı hatalı görünüyor.,Kaynak kontrolü şart
416,1426,Mozart'ın mucize çocuk efsanesi,Liderlik,Başarı,Yetenek Yanılgısı,Geoff Colvin,1,Temel,13,7,12,9,9,8,16,1,75,Kartla test,Kart testi,Mucize çocuk efsanesini pratikle kırmak ilgi çekici; yeteneği bütünüyle reddetmesi ve biyografi fazla kesin.,Kaynak kontrolü şart
417,1480,Yapay zeka ve iş gücünün geleceği,Tarih,Güncel,21. Yüzyıl İçin 21 Ders,Yuval Noah Harari,1,Temel,12,6,13,12,8,6,15,3,75,Kartla test,Carousel,Yapay zekâ ve iş kaybı doğrudan güncel kaygıya dokunur; dengeli kaynaklandırma paylaşım güveni için şart.,Kaynak kontrolü şart
418,1383,Başarı mutluluğu getirmez — tersine çalışır,Psikoloji,Mutluluk,Mutluluğun Peşinde,Shawn Achor,1,Temel,12,7,12,11,9,7,15,2,75,Kartla test,Carousel,“Mutluluk yakıttır” sözü paylaşılır; mutluluktan başarı ve sağlık sonuçlarına giden nedensellik fazla geniş.,Kaynak kontrolü şart
419,1444,Müşteri kaybı ve görünmez buz buzdağı,Verimlilik,İş Dünyası,Sadakat Etkisi,Frederick Reichheld,1,Temel,12,6,12,12,8,6,15,4,75,Kartla test,Carousel,Sessiz müşteri ve buzdağı metaforu güçlü bir iş kancası; kayıp hissi paylaşımı tetikler.,Kaynak kontrolü önerilir
420,1567,Miyelin — yeteneklerin biyolojik temeli,Liderlik,Başarı,Yetenek Kodu,Daniel Coyle,1,Temel,12,6,12,13,8,6,15,3,75,Kartla test,Carousel,Miyelini becerinin görünmez kablosu yapmak iyi görsel verir; biyolojik açıklama fazla basitleştirilmemeli.,Kaynak kontrolü şart
421,1585,İç saat — vücudun 24 saatlik ritmi ve sağlık üzerindeki derin etkisi,Sağlık,Sağlık,Sirkadyen Kod,Satchin Panda,1,Temel,12,6,12,13,8,6,15,3,75,Kartla test,Carousel,Organların kendi saatleri olduğu fikri şaşırtıcı ve görsel; sağlık önerileri kesin reçete gibi sunulmamalı.,Kaynak kontrolü şart
422,1596,BDNF — beyni büyüten molekül ve onu artırmanın yolları,Sağlık,Sağlık,Beyin ve Diyet,David Perlmutter,1,Temel,12,6,12,14,8,6,15,2,75,Kartla test,Carousel,BDNF'yi beyin gübresi yapmak akılda kalıcı ve görsel; sayı ve etki büyüklükleri doğrulanmadan paylaşılmamalı.,Kaynak kontrolü şart
423,1602,CO2 toleransı — oksijen değil karbondioksit kontrolü,Sağlık,Sağlık,Nefes,James Nestor,1,Temel,12,6,12,14,8,6,15,2,75,Kartla test,Carousel,CO2 toleransı ve nefes tutma testi etkileşimli video olur; performans ve sağlık çıkarımları sınırlanmalı.,Kaynak kontrolü şart
424,1249,Theodore Johnson'ın taze meyve tasarrufu,Finans,Finans,Money: Master the Game,Tony Robbins,1,Temel,13,6,11,13,8,7,15,2,75,Kartla test,Carousel,70 milyon dolarlık sonuç çarpıcı ve tasarruf fikri uygulanabilir; rakam ile bağlam mutlaka doğrulanmalı.,Kaynak kontrolü şart
425,1266,Amor fati — kaderi sevmek,Felsefe,Felsefe,Engel Yolu Açar,Ryan Holiday,1,Temel,11,7,11,13,9,6,15,3,75,Kartla test,Carousel,Kabulden eyleme geçen çerçeve kaydedilebilir ve kişisel; atfedilen söz ile felsefi bağlar doğrulanmalı.,Kaynak kontrolü şart
426,1269,REM uykusu ve duygusal iyileşme,Sağlık,Sağlık,Neden Uyuyoruz,Matthew Walker,1,Temel,12,7,11,11,9,7,15,3,75,Kartla test,Carousel,Sabah hafifleyen duygudan REM’e geçiş yakınlık kuruyor; nörokimyasal açıklama fazla kesin anlatılıyor.,Kaynak kontrolü şart
427,1314,Olgunluk aşaması ve sistematik büyüme,Verimlilik,Girişimcilik,İşin Özü,Michael Gerber,1,Temel,12,6,11,13,9,7,15,2,75,Kartla test,Carousel,İşin içinde ve üzerinde çalışma ayrımı çok kullanışlı; yüzde seksen kapanma iddiası kaynaksız.,Kaynak kontrolü şart
428,1323,Naif soru ve uzman körlüğü,Verimlilik,Yaratıcılık,Güçlü Sorular,Warren Berger,1,Temel,12,6,11,11,10,7,15,3,75,Kartla test,Carousel,Uzman körlüğü güçlü bir tartışma ve öz sorgu açıyor; Airbnb örneği yeniliği tek soruya indirgemiş.,Kaynak kontrolü şart
429,1329,Geri bildirim döngüsü ve sürekli iyileşme,Büyüme,Motivasyon,The Success Principles,Jack Canfield,1,Temel,12,6,11,12,9,7,15,3,75,Kartla test,Carousel,Rotasını düzelten füze başarısızlığı yararlı veriye çeviriyor; tanıdık metafor özgünlüğü sınırlıyor.,Kaynak kontrolü şart
430,1343,Yüzde on daha mutlu,Psikoloji,Farkındalık,Meditasyon,Dan Harris,1,Temel,12,7,11,12,9,7,15,2,75,Kartla test,Carousel,Yüzde onluk mütevazı vaat güven ve yakınlık yaratıyor; beyin ve hormon etkileri fazla kesin listelenmiş.,Kaynak kontrolü şart
431,1347,Beklenti ve hayal kırıklığı,Psikoloji,Psikoloji,The Paradox of Choice,Barry Schwartz,1,Temel,12,7,11,12,9,7,15,2,75,Kartla test,Carousel,Beklenti-sonuç uçurumu çok ilişkilendirilebilir; tarihsel refah ve ruh sağlığı ilişkisi aşırı basitleştirilmiş.,Kaynak kontrolü şart
432,1368,Direnç ve yavaş büyümenin avantajı,Verimlilik,Girişimcilik,Kendi Patronun Ol,Paul Jarvis,1,Temel,12,6,11,12,9,7,15,3,75,Kartla test,Carousel,Yavaş büyüyen ağaç iyi bir sürdürülebilirlik metaforu; startup çöküş genellemesi kanıt istemekte.,Kaynak kontrolü şart
433,1377,Olumsuz görselleştirme — en kötüyü hayal etmek,Felsefe,Felsefe,Stoacılık,Marcus Aurelius,1,Temel,12,7,11,11,9,7,15,3,75,Kartla test,Carousel,Kaybı hayal ederek minnet üretme paradoksu güçlü; alıntı teyidi ve kaygıya duyarlı dil gerekiyor.,Kaynak kontrolü şart
434,1397,Sadık rakip — öğreten düşman,Liderlik,Strateji,Sonsuz Oyun,Simon Sinek,1,Temel,12,6,11,12,9,7,15,3,75,Kartla test,Carousel,Rakibi düşman değil öğretmen görmek iyi bir karşıtlık; Apple’ın söylem dönüşü nedensellik için zayıf kanıt.,Kaynak kontrolü şart
435,1428,Coçluk ve geri bildirim olmadan büyüme olmaz,Liderlik,Başarı,Yetenek Yanılgısı,Geoff Colvin,1,Temel,12,7,11,12,9,7,15,2,75,Kartla test,Carousel,Kör noktayı gören koç fikri değerli; Buffett ve Welch dahil herkesin gençten beri koçlu olduğu iddiası zayıf.,Kaynak kontrolü şart
436,1196,Roger Federer'in 12 saati,Sağlık,Sağlık,Neden Uyuyoruz,Matthew Walker,1,Temel,15,8,10,11,8,7,15,1,75,Kartla test,Carousel,Federer ve LeBron'un 12 saati viral kanca; bireysel uyku rakamları ile performans genellemesi teyit ister.,Kaynak kontrolü şart
437,1211,İki babanın iki farklı dersi,Finans,Finans,Zengin Baba Fakir Baba,Robert Kiyosaki,1,Temel,13,7,10,13,9,7,15,1,75,Kartla test,Carousel,İki baba ve iki cümle finans farkını netleştiriyor; kitabın otobiyografik gerçekliği ve reçetesi tartışmalı.,Kaynak kontrolü şart
438,1305,Kırılganlık ve siyah kuğuya hazırlık,Felsefe,Düşünme,Siyah Kuğu,Nassim Taleb,1,Temel,12,6,10,12,9,7,15,4,75,Kartla test,Carousel,Camdan antikırılgan sisteme geçiş anlaşılır ve uygulanabilir; kişisel kırılganlık sorusu iyi sohbet açıyor.,Kaynak kontrolü önerilir
439,1476,Mutluluk ve anlam — tarihsel perspektif,Tarih,Tarih,İnsanlığın Kısa Tarihi,Yuval Noah Harari,1,Temel,11,7,12,13,8,6,14,4,75,Kartla test,Carousel,Servet ile anlam arasındaki ayrım geniş kitlede karşılık bulur; kişisel karar sorusu kaydetmeyi destekler.,Kaynak kontrolü önerilir
440,1302,Korkuyla değil veriyle düşünmek,Felsefe,Düşünme,Akıl Yürütme,Hans Rosling,1,Temel,11,6,11,14,9,6,14,4,75,Kartla test,Carousel,Dört içgüdü iyi bir kontrol listesi ve “his mi veri mi?” sorusu sunuyor; anlatı sahnesi sınırlı.,Kaynak kontrolü önerilir
441,1522,Sevgi ve disiplinin birlikte çalışması,Psikoloji,Psikoloji,Az Gitme Yolu,M. Scott Peck,1,Temel,11,7,11,14,8,6,14,4,75,Kartla test,Carousel,Sevgi ile disiplini birleştiren mesaj ebeveynlik ve öz gelişimde paylaşılır; dengeli karşıtlık iyi çalışıyor.,Kaynak kontrolü önerilir
442,1137,Warren Buffett'ın el sıkışması,Liderlik,Liderlik,Hız ve Güven,Stephen M. R. Covey,1,Temel,13,7,10,13,9,7,14,2,75,Kartla test,Carousel,Milyarlık anlaşmayı el sıkışmayla bitirmek güçlü görüntü; sözleşmesiz anlatım gerçeği fazla sadeleştiriyor.,Kaynak kontrolü şart
443,1158,Uçak kazası ve söylenmeden kalan söz,İletişim,İletişim,Dürüst Konuşmak,Kerry Patterson,1,Temel,14,10,10,10,10,6,14,1,75,Kartla test,Kart testi,"Söylenmeyen uyarının ölüme dönüşmesi çok güçlü; uçuş, tarih ve rapor yokluğu doğruluk riskini büyütüyor.",Kaynak kontrolü şart
444,1176,Bahçedeki bezelye,Verimlilik,Verimlilik,Pareto İlkesi,Richard Koch,1,Temel,13,7,10,13,9,7,14,2,75,Kartla test,Carousel,Bezelyeden servet dağılımına sıçrama çok görsel; bahçe kökeni anekdotunun doğruluğu tartışmalı.,Kaynak kontrolü şart
445,1213,80/20 ve işi silmek,Verimlilik,Verimlilik,The 4-Hour Workweek,Tim Ferriss,1,Temel,13,7,10,13,9,7,14,2,75,Kartla test,Carousel,Müşterilerin çoğunu kesip kârı artırmak güçlü karşıtlık; Ferriss'in sonuçları bağımsız veriyle desteklenmiyor.,Kaynak kontrolü şart
446,1231,Kazanmak savaşmadan,Liderlik,Strateji,Savaş Sanatı,Sun Tzu,1,Temel,12,7,10,12,9,6,14,5,75,Kartla test,Carousel,Savaşmadan kazanmak iyi bir strateji sorusu; anlatıdan çok açıklama olduğu için duygusal yay orta.,Standart doğrulama
447,1232,Fil ve kazık,Büyüme,Değişim,Değişimin Gücü,Chip Heath,1,Temel,14,8,10,11,10,7,14,1,75,Kartla test,Carousel,Küçük kazığa bağlı büyük fil unutulmaz görsel; gerçek hayvan davranışı gibi sunulan parabol doğrulanmalı.,Kaynak kontrolü şart
448,1380,ABCDE modeli — düşünceyi yeniden yapılandırma,Psikoloji,Psikoloji,İyimserlik Öğrenmek,Martin Seligman,1,Temel,11,6,10,14,10,6,14,4,75,Kartla test,Carousel,ABCDE modeli güçlü bir düşünce kontrol listesi; örnek uygulaması yüksek kaydetme ve sesli çalışma değeri taşıyor.,Kaynak kontrolü önerilir
449,1124,Keystone alışkanlık ve koşu,Sağlık,Alışkanlıklar,Alışkanlıkların Gücü,Charles Duhigg,1,Temel,13,8,9,14,9,7,14,1,75,Kartla test,Carousel,Koşuyla zincirleme değişen hayat ilham veriyor; Lisa vakası ve istemeden değişim sonuçları kaynak ister.,Kaynak kontrolü şart
450,1224,Jim Kwik'in beyin hasarı,Felsefe,Öğrenme,İnsan Beyninin Gücü,Jim Kwik,1,Temel,14,9,9,11,9,7,14,2,75,Kartla test,Carousel,Beyni kırık çocuktan hafıza eğitmenine dönüşüm duygusal; başarı ve ünlü müşteri anlatısı teyit ister.,Kaynak kontrolü şart
451,1204,Zırh ve liderlik,Liderlik,Liderlik,Karanlığın Ötesi,Brené Brown,1,Temel,12,8,10,12,10,6,13,4,75,Kartla test,Carousel,Bilmiyorum diyen lider ile zırhlı lider karşıtlığı ekip sohbetine uygun ve uygulanabilir.,Kaynak kontrolü önerilir
452,1155,Sabotaj zihninin beş sesi,Psikoloji,Psikoloji,Olumlu Zeka,Shirzad Chamine,1,Temel,12,8,9,14,10,6,13,3,75,Kartla test,Carousel,"Yargıç, kaygıcı ve denetleyici sesleri adlandırmak kişisel not ve sesli öz değerlendirme için güçlü.",Kaynak kontrolü şart
453,1160,Hikayelerden gerçeklere dönmek,İletişim,İletişim,Dürüst Konuşmak,Kerry Patterson,1,Temel,12,7,9,14,10,6,13,4,75,Kartla test,Carousel,Gerçek ile beynin hikâyesini ayırma örneği hemen uygulanır ve kişisel bir sesli yanıt üretir.,Kaynak kontrolü önerilir
454,1778,Boş Sandalyenin Anlamı,Liderlik,Liderlik,The Everything Store,Brad Stone,2,Zengin,12,4,13,9,7,8,17,4,74,Kartla test,Kart testi,Merak sorusu ve karşıtlık ilk saniye etkisini güçlendiriyor; olay örgüsü yeterli.,Kaynak kontrolü önerilir
455,1499,Ortak düşman kültürünün tehlikesi,Liderlik,Liderlik,Kabile Liderliği,Dave Logan,1,Temel,11,6,12,12,8,6,15,4,74,Kartla test,Carousel,Ortak düşmanın kültür kurması tanıdık ve kışkırtıcı; etik sınır eklenirse yorumlarda güçlü tartışma açar.,Kaynak kontrolü önerilir
456,1589,Hayatta kalma genleri — stres biyolojik saati nasıl yavaşlatıyor,Sağlık,Sağlık,Uzun Yaşam Bilimi,David Sinclair,1,Temel,12,6,12,13,8,6,15,2,74,Kartla test,Carousel,Hormesisin küçük stresle güçlenme fikri çekici ve uygulanabilir görünür; doz ve güvenlik sınırları kritik.,Kaynak kontrolü şart
457,1595,Karbonhidrat ve kolesterol — tersine dönen paradigma,Sağlık,Sağlık,Beyin ve Diyet,David Perlmutter,1,Temel,12,7,12,13,8,6,15,1,74,Kartla test,Carousel,Karbonhidrat ve kolesterol anlatısı tartışma yaratır; tek nedenli sağlık çıkarımları ciddi kaynak kontrolü ister.,Kaynak kontrolü şart
458,1288,Çocukluğun en karanlık gecesi,Büyüme,Motivasyon,Can't Hurt Me,David Goggins,1,Temel,12,8,11,10,8,7,15,3,74,Kartla test,Kart testi,Zorlu çocukluktan öz-yazarlığa geçiş duygusal; belirsiz “bir gece” sahnesi ve mağduriyet dili dikkat istiyor.,Kaynak kontrolü şart
459,1299,Dinlenmenin üretkenlik paradoksu,Verimlilik,Verimlilik,Minimalizm,Greg McKeown,1,Temel,12,6,11,13,8,7,15,2,74,Kartla test,Carousel,Elit müzisyenlerin dinlenmesi iyi ters köşe; çalışma-uyku saatleri ve nedensellik fazla kesin aktarılıyor.,Kaynak kontrolü şart
460,1356,Kaizen ilkesi ve sürekli küçük iyileştirme,Büyüme,İlham,Lider Yok Köle Yok,Robin Sharma,1,Temel,12,6,11,14,9,6,15,1,74,Kartla test,Carousel,Günlük yüzde bir fikri uygulanabilir; bir yılda yüzde 37 artış ifadesi bileşik matematiği yanlış aktarıyor.,Kaynak kontrolü şart
461,1365,Travma sonrası büyüme,Büyüme,Dayanıklılık,Zihinsel Dayanıklılık,Sheryl Sandberg,1,Temel,12,8,11,10,9,7,15,2,74,Kartla test,Kart testi,Acı ile büyümenin birlikte varlığı dokunaklı; çoğunluk iddiası ve “zorluklar sizi açar” dili dikkat istiyor.,Kaynak kontrolü şart
462,1467,Kural yüzde elli sekiz,İletişim,İletişim,Etkileyici Konuşma,Carmine Gallo,1,Temel,12,5,11,13,8,6,15,4,74,Kartla test,Carousel,Yüzde 7-38-55 miti güçlü kanca olur; bağlam düzeltmesi güveni korur ve yorumlarda tartışma yaratır.,Kaynak kontrolü önerilir
463,1556,Ücretsiz iş modeli — Google nasıl bedavaya milyarlar kazanıyor,Verimlilik,Girişimcilik,İş Modeli Üretimi,Alexander Osterwalder,1,Temel,11,5,11,13,8,6,15,5,74,Kartla test,Carousel,Google'ın ücretsiz hizmetten değer üretmesi çok taraflı modeli somutlaştırıyor; görsel akışla iyi anlatılır.,Standart doğrulama
464,1235,Sürpriz ve merak boşluğu,İletişim,İletişim,Yapışkan Fikirler,Chip Heath,1,Temel,13,6,10,14,9,5,15,2,74,Kartla test,Carousel,Merak boşluğu sosyal video üretimi için doğrudan yararlı; günlük reklam sayısı geniş ve tartışmalı.,Kaynak kontrolü şart
465,1073,Newport'un sosyal medyasız akademik kariyeri,Verimlilik,Verimlilik,Derin Çalışma,Cal Newport,1,Temel,13,7,11,11,9,6,14,3,74,Kartla test,Carousel,Sosyal medyasız başarı güncel bir karşıtlık yaratıyor; tek örnekten genel üstünlük sonucu çıkarılıyor.,Kaynak kontrolü şart
466,1127,İşten ayrılanlar amirleri bırakır,Liderlik,Liderlik,Liderlik Sanatı,Simon Sinek,1,Temel,12,8,11,12,9,6,14,2,74,Kartla test,Carousel,İnsanlar şirketi değil yöneticiyi bırakır sözü çok paylaşılır; araştırma ve nedensellik kaynaksız.,Kaynak kontrolü şart
467,1496,Akış anı ve yetenek işareti,Finans,Kariyer,Güçlü Yönler Bulma,Marcus Buckingham,1,Temel,11,6,11,14,8,6,14,4,74,Kartla test,Carousel,Akış anlarını yetenek pusulası yapmak kişisel keşif sunuyor; izleyiciye hemen uygulanacak sorular bırakıyor.,Kaynak kontrolü önerilir
468,1524,Sorumluluk ve kurban kimliği,Psikoloji,Psikoloji,Az Gitme Yolu,M. Scott Peck,1,Temel,11,6,11,14,8,6,14,4,74,Kartla test,Carousel,Sorumluluğu kurbanlıktan çıkış olarak anlatmak harekete geçiriyor; suçlayıcı olmayan dil kritik.,Kaynak kontrolü önerilir
469,1552,Güven eksikliği — kırılganlık temelli güven neden her şeyin temelidir,Liderlik,Liderlik,The Five Dysfunctions of a Team,Patrick Lencioni,1,Temel,11,7,11,13,8,6,14,4,74,Kartla test,Carousel,Savunmasızlığın güveni başlatması duygusal karşılık bulur; somut ekip sahnesiyle daha çok akılda kalır.,Kaynak kontrolü önerilir
470,1565,Yüzde yüz sorumluluk — suçu dışarıda aramayı bırakmak,Liderlik,Liderlik,Bilinçli Liderlik,Jim Dethmer,1,Temel,11,6,11,14,8,6,14,4,74,Kartla test,Carousel,Yüzde yüz sorumluluk güçlü bir eylem çağrısıdır; sınırlar anlatılmazsa suçlayıcı algılanma riski taşır.,Kaynak kontrolü önerilir
471,1566,Duyguları veri olarak kullanmak — bastırmak değil okumak,Liderlik,Liderlik,Bilinçli Liderlik,Jim Dethmer,1,Temel,11,6,11,14,8,6,14,4,74,Kartla test,Carousel,Duyguları veri olarak görmek pratik ve dengeleyici; izleyiciyi kendi sinyalini kaydetmeye davet ediyor.,Kaynak kontrolü önerilir
472,1108,Dört yaşında marshmallow testi,Psikoloji,Psikoloji,Emotional Intelligence,Daniel Goleman,1,Temel,14,8,10,11,9,7,14,1,74,Kartla test,Carousel,Tek marshmallow seçimi çok görsel; 30 yıllık başarı nedenselliği sonraki çalışmalarla ciddi biçimde nüanslandı.,Kaynak kontrolü şart
473,1290,Hesap defteri ve zihinsel güç,Büyüme,Motivasyon,Can't Hurt Me,David Goggins,1,Temel,11,7,10,13,9,7,14,3,74,Kartla test,Carousel,Geçmiş başarıları kanıt olarak toplamak kaydedilebilir bir pratik; adlandırma ve biyografik sahne netleşmeli.,Kaynak kontrolü şart
474,1322,"Soru hiyerarşisi — neden, nasıl, ne",Verimlilik,Yaratıcılık,Güçlü Sorular,Warren Berger,1,Temel,11,5,10,15,9,6,14,4,74,Kartla test,Carousel,Neden-nasıl-ne hiyerarşisi ve beş neden örneği çok kullanışlı; insan hikâyesi ve duygusal gerilim az.,Kaynak kontrolü önerilir
475,1207,Bahçıvan ve zihin,Felsefe,Felsefe,İnsan Nasıl Düşünür,James Allen,1,Temel,12,7,9,13,9,6,14,4,74,Kartla test,Carousel,Zihin bahçesi kolay görselleşir ve kişisel düşünce kalıplarını kaydetmeye çağırır; fikir tanıdıktır.,Kaynak kontrolü önerilir
476,1217,Bir aylık e-posta yasağı,Bilim,Teknoloji,Hiçbir Şeye Bakmamak,Cal Newport,1,Temel,14,8,9,11,9,7,14,2,74,Kartla test,Carousel,Bir ay e-postasız kalıp kimsenin fark etmemesi iyi ters köşe; deney ayrıntıları doğrulanmalı.,Kaynak kontrolü şart
477,1592,Dört süvari — kronik hastalıkların ortak kökeni,Sağlık,Sağlık,Uzun Ömür,Peter Attia,1,Temel,12,7,12,14,8,6,13,2,74,Kartla test,Carousel,Dört atlı metaforu kronik hastalıkları akılda tutturuyor; ortak kök açıklaması tıbben fazla genelleyici.,Kaynak kontrolü şart
478,1169,Otomatik pilot ve bilinçli seçim,Psikoloji,Psikoloji,Flow,Mihaly Csikszentmihalyi,1,Temel,12,7,10,13,9,6,13,4,74,Kartla test,Carousel,Televizyondaki sözde keyif ile gerçek boşluk karşıtlığı yararlı; yöntem ve eylem önerisi kaydedilir.,Kaynak kontrolü önerilir
479,1174,Roosevelt'in isim hafızası,İletişim,İletişim,İkna Sanatı,Dale Carnegie,1,Temel,12,8,10,12,10,6,13,3,74,Kartla test,Carousel,Başkanın hizmetçilerin adını bilmesi sıcak ve anlatılabilir; anekdot ayrıntıları kaynaklandırılmalı.,Kaynak kontrolü şart
480,1178,Az ama öz ilişkiler,Verimlilik,Verimlilik,Pareto İlkesi,Richard Koch,1,Temel,12,8,10,13,10,6,13,2,74,Kartla test,Carousel,Beş kişilik mutluluk çekirdeği duygusal ve kişisel; yüzde seksen oranı kaynaksız genelleme.,Kaynak kontrolü şart
481,1241,Roosevelt'in isim ezberleyen dehası,İletişim,İletişim,İkna Sanatı,Dale Carnegie,1,Temel,12,8,10,12,10,6,13,3,74,Kartla test,Carousel,İsim hatırlayan başkan sıcak ve uygulanabilir; 1174 ile neredeyse aynı öykü olduğu için özgünlük düşük.,Kaynak kontrolü şart
482,1060,Kimlik temelli alışkanlık,Sağlık,Alışkanlıklar,Atomic Habits,James Clear,1,Temel,12,7,9,14,9,6,13,4,74,Kartla test,Carousel,İki sigara cevabı kimlik farkını tek sahnede anlatıyor; uygulanabilir ve kişisel düşünmeye çok uygun.,Kaynak kontrolü önerilir
483,1063,İki dakika kuralı,Sağlık,Alışkanlıklar,Atomic Habits,James Clear,1,Temel,12,6,9,15,9,6,13,4,74,Kartla test,Carousel,İki dakikalık başlangıç kolayca kaydedilip uygulanır; tanıdık fikir nedeniyle sürpriz ve duygu orta düzeyde.,Kaynak kontrolü önerilir
484,1215,"Daha az, daha odaklı",Verimlilik,Verimlilik,Minimalizm,Greg McKeown,1,Temel,12,7,9,14,9,6,13,4,74,Kartla test,Carousel,Değerler ile takvim arasındaki çelişki kişisel ve kullanışlı; olaydan çok fikir anlatısı olduğu için video orta.,Kaynak kontrolü önerilir
485,1132,Ağrı ile acının farkı,Psikoloji,Farkındalık,Şimdi ve Burada,Eckhart Tolle,1,Temel,13,9,8,12,10,7,13,2,74,Kartla test,Carousel,Ağrı ile hikâyesini ayırmak güçlü; kronik hastalıkta acıyı seçim gibi sunmamak için hassas dil gerekir.,Kaynak kontrolü şart
486,1773,Fil ve Binicisi,Finans,İş & Girişim,The Happiness Hypothesis,Jonathan Haidt,2,Zengin,11,5,13,9,7,7,17,4,73,Kartla test,Kart testi,Merak sorusu ve karşıtlık ilk saniye etkisini güçlendiriyor; olay örgüsü geliştirilmeli.,Kaynak kontrolü önerilir
487,1774,Dolandırıcının Gerçek Silahı,Finans,İş & Girişim,The Confidence Game,Maria Konnikova,2,Zengin,12,6,13,7,8,6,17,4,73,Kartla test,Kart testi,Duygusal karşıtlık paylaşma ve kişisel anlatma isteğini yükseltiyor; olay örgüsü geliştirilmeli.,Kaynak kontrolü önerilir
488,1351,Sabah 5 kulübü ve beynin altın saatleri,Sağlık,Alışkanlıklar,Bir Sonraki Seviye,Robin Sharma,1,Temel,13,6,11,13,8,7,15,0,73,Kartla test,Carousel,5.00 rutini net ve paylaşılır; gece kuşlarının doğuştan olmadığı ve beynin tek ideal saati iddiaları yanlış.,Kaynak kontrolü şart
489,1389,Kaynak durumu ve performans zirvesi,Büyüme,Motivasyon,İçsel Güç,Tony Robbins,1,Temel,12,6,11,11,9,7,15,2,73,Kartla test,Carousel,Önce bedeni değiştir fikri uygulanabilir; duruşun beyin ve performansı doğrudan belirlediği anlatım abartılı.,Kaynak kontrolü şart
490,1583,Tasarım — işlevselliğin ötesinde anlam yaratmak,Verimlilik,Yaratıcılık,Bütün Beyin,Daniel Pink,1,Temel,11,5,11,13,8,6,15,4,73,Kartla test,Carousel,"Tasarımın işlevden anlama geçmesi ürün örnekleriyle görselleşir; duygusu orta, eğitim değeri yüksek.",Kaynak kontrolü önerilir
491,1074,Andrew Carnegie'nin çelik imparatorluğu,Büyüme,Motivasyon,Düşün ve Zengin Ol,Napoleon Hill,1,Temel,13,8,10,10,8,7,15,2,73,Kartla test,Kart testi,Yoksul göçmenden çelik imparatoruna yükseliş güçlü; başarıyı tek hedefe bağlamak tarihi fazla sadeleştiriyor.,Kaynak kontrolü şart
492,1283,Evrenin dili ve işaretler,Büyüme,İlham,Kaybedilen Cennet,Paulo Coelho,1,Temel,12,7,10,9,9,7,15,4,73,Kartla test,Kart testi,Şahin sahnesi ve seçici dikkat bağı merak uyandırıyor; metafizik mesaj pratik açıklamayla dengelenmiş.,Kaynak kontrolü önerilir
493,1481,Dezenformasyon çağı ve gerçeği bulmak,Tarih,Güncel,21. Yüzyıl İçin 21 Ders,Yuval Noah Harari,1,Temel,11,5,12,13,8,6,14,4,73,Kartla test,Carousel,Yanlış bilginin tanıdıktan gelince güçlenmesi herkesin yaşadığı bir sorun; doğrulama adımları kaydedilir.,Kaynak kontrolü önerilir
494,1404,"Bağlayıcılar, Bilgeler ve Satıcılar",Felsefe,Sosyoloji,Devrilme Noktası,Malcolm Gladwell,1,Temel,11,6,11,13,9,6,14,3,73,Kartla test,Carousel,Bağlayıcı-Bilge-Satıcı üçlüsü kolay hatırlanır ve öz değerlendirme yaratır; yayılmayı fazla mekanikleştiriyor.,Kaynak kontrolü şart
495,1459,Liderlik ve duygusal bulaşıcılık,Liderlik,Liderlik,İş Hayatında Duygusal Zeka,Daniel Goleman,1,Temel,11,6,11,13,8,6,14,4,73,Kartla test,Carousel,Liderin duygusunun odaya yayılması iş yaşamında tanıdık; uygulanabilir kapanış kaydetmeyi artırır.,Kaynak kontrolü önerilir
496,1464,Unutma ve hatırlamanın paradoksu,Felsefe,Öğrenme,Kalıcı Hafıza,Joshua Foer,1,Temel,11,6,11,13,8,6,14,4,73,Kartla test,Carousel,Bilinçli unutma fikri alışılmadık ve rahatlatıcı; zihinsel yük yaşayanların kaydetmek isteyeceği bir araç.,Kaynak kontrolü önerilir
497,1469,Yavaş sezgi ve uzun kuluçka,Verimlilik,Yaratıcılık,Büyük Fikirler,Steven Johnson,1,Temel,11,6,11,13,8,6,14,4,73,Kartla test,Carousel,Yavaş sezgi fikri acele kültürüne iyi karşı çıkıyor; kişisel örnek eklenirse paylaşım gücü daha da artar.,Kaynak kontrolü önerilir
498,1484,"Psikolojik güvenlik nedir, ne değildir",Liderlik,Yönetim,The Fearless Organization,Amy Edmondson,1,Temel,11,5,11,13,8,6,14,5,73,Kartla test,Carousel,Psikolojik güvenliğin rahatlık olmadığı ayrımı iş dünyasında değerli; yanlış anlaşılmayı net biçimde düzeltiyor.,Standart doğrulama
499,1518,İlerleme belirtisi olarak para,Verimlilik,Girişimcilik,Müşteri Geliştirme,Rob Fitzpatrick,1,Temel,11,5,11,14,8,6,14,4,73,Kartla test,Carousel,Para veya taahhüdü gerçek ilgi kanıtı saymak sert ama faydalı; satış örnekleriyle kolayca videolaşır.,Kaynak kontrolü önerilir
500,1519,Evin kiracısı değil sahibi olmak,Psikoloji,Farkındalık,İç Yolculuk,Michael A. Singer,1,Temel,11,7,11,13,8,6,14,3,73,Kartla test,Carousel,İç ses olmadığın fikri güçlü bir öz farkındalık anı yaratır; metafizik ton bilimsel iddia gibi sunulmamalı.,Kaynak kontrolü şart
501,1550,"Doğru kişi, doğru yer — GWC testi",Liderlik,Yönetim,Ölçülebilir Büyüme,Gino Wickman,1,Temel,11,5,11,14,8,6,14,4,73,Kartla test,Carousel,İyi satışçının kötü müdüre dönüşmesi tanıdık bir iş trajedisi; GWC soruları uygulanabilir kapanış sunuyor.,Kaynak kontrolü önerilir
502,1171,Çapalama etkisi ve müzayede,Psikoloji,Psikoloji,Karar Verme Sanatı,Daniel Kahneman,1,Temel,15,7,10,12,9,6,14,0,73,Kartla test,Carousel,"Dönen çark çok güçlü görsel; klasik deney ülke sayısı değil yüzde sorar, mevcut metin sonucu bozuyor.",Kaynak kontrolü şart
503,1202,Gizli sırlar ve kontrarian düşünce,Verimlilik,Girişimcilik,Sıfır'dan Bir'e,Peter Thiel,1,Temel,12,7,10,12,9,6,14,3,73,Kartla test,Carousel,Çoğunluğun yanıldığı gizli sır güçlü girişimci sorusu; PayPal örneği sonucu tek inanca bağlıyor.,Kaynak kontrolü şart
504,1392,En büyük hedef ve günlük adım,Liderlik,Hedefler,Hedeflere Ulaşmak,Brian Tracy,1,Temel,11,6,10,14,9,6,14,3,73,Kartla test,Carousel,"Büyük hedefi bugünkü adıma indirmek kullanışlı; fil metaforu ve mesaj çok tanıdık, kanıt dili genel.",Kaynak kontrolü şart
505,1407,Haftalık gözden geçirme ritüeli,Verimlilik,Verimlilik,Nasıl Başarılı Olunur,David Allen,1,Temel,11,6,9,15,8,6,14,4,73,Kartla test,Carousel,Haftalık bakım kontrol listesi son derece kullanışlı; güçlü bir insan sahnesi veya şaşırtıcı dönüş yok.,Kaynak kontrolü önerilir
506,1588,Yaşlanma bir hastalıktır — ve tedavi edilebilir,Sağlık,Sağlık,Uzun Yaşam Bilimi,David Sinclair,1,Temel,12,7,12,13,8,6,13,2,73,Kartla test,Carousel,Yaşlanmayı tedavi edilebilir süreç saymak büyük umut ve merak yaratır; kanıt düzeyi spekülasyondan ayrılmalı.,Kaynak kontrolü şart
507,1237,BrandScript ve basit mesaj,Finans,Pazarlama,Hikaye Anlatıcısı,Donald Miller,1,Temel,12,6,10,15,8,5,13,4,73,Kartla test,Carousel,Bir cümlede anlatılamayan markanın tavsiye edilememesi çok kullanışlı; hikâye ve duygu sınırlı.,Kaynak kontrolü önerilir
508,1512,Stoacı akşam muhasebesi,Felsefe,Felsefe,Pratik Stoacılık,William Irvine,1,Temel,10,6,10,15,8,6,13,5,73,Kartla test,Carousel,Stoacı akşam muhasebesi üç soruyla günlük davranışa dönüşüyor; viral olmaktan çok güçlü bir kayıt içeriği.,Standart doğrulama
509,1181,Yaratıcılık bir sorumluluk,Verimlilik,Yaratıcılık,Yaratıcı Olmak,Elizabeth Gilbert,1,Temel,12,8,9,11,10,6,13,4,73,Kartla test,Carousel,Fikrin başka birine gitmesi yaratıcı sorumluluk hissi uyandırır; mistik çerçeve herkese hitap etmeyebilir.,Kaynak kontrolü önerilir
510,1154,Sorumluluk özgürlüğün diğer yüzü,Felsefe,Felsefe,Büyük Soru,Viktor Frankl,1,Temel,12,7,9,13,10,6,12,4,73,Kartla test,Carousel,Özgürlük Anıtı karşısına sorumluluk koymak temiz ve tartışılır bir fikir; görsel olay akışı sınırlı.,Kaynak kontrolü önerilir
511,1360,Princeton mühendislik anomalileri,Psikoloji,Farkındalık,Niyet,Lynne McTaggart,1,Temel,14,7,12,5,9,8,17,0,72,Kartla test,Kart testi,Zihinle rastgele sayıyı değiştirme iddiası yüksek merak yaratır; tartışmalı PEAR sonuçlarını kanıt gibi sunuyor.,Kaynak kontrolü şart
512,1409,Kişisel almama sanatı — ikinci anlaşma,Felsefe,Felsefe,Dört Anlaşma,Don Miguel Ruiz,1,Temel,12,7,11,10,9,7,15,1,72,Kartla test,Kart testi,Tek yorumla bozulan gün tanıdık bir sahne; hiçbir şeyi kişisel almama kuralı eleştiri ve sınırları silebilir.,Kaynak kontrolü şart
513,1548,Beyin sermayesi çağı — idealar maddi kaynaklardan daha değerli,Bilim,Teknoloji,İkinci Makine Çağı,Erik Brynjolfsson,1,Temel,11,5,11,12,8,6,15,4,72,Kartla test,Carousel,Sıfır marjinal maliyet dijital ölçeği iyi açıklıyor; animasyonla güçlenir ama insani duygu sınırlı kalır.,Kaynak kontrolü önerilir
514,1658,Açlık ve tokluk — beden sinyallerine yeniden bağlanmak,Sağlık,Sağlık,İçgüdüsel Yeme,Evelyn Tribole,1,Temel,10,6,11,11,7,7,15,5,72,Kartla test,Carousel,Somut sahne ve sayısal ayrıntı güçlü bir video açılışı sağlıyor; ilk saniye etkisi geliştirilmeli.,Standart doğrulama
515,1065,Steve Jobs'ın yıkıcı eleştirisi,Liderlik,Liderlik,Dürüst Olmak,Kim Scott,1,Temel,14,8,10,9,8,7,15,1,72,Kartla test,Kart testi,Jobs'ın sert çıkışı dramatik; doğrulanmamış sahne ve incitici eleştiriyi ilgi gibi sunması riskli.,Kaynak kontrolü şart
516,1257,Sorumluluk ve güç arasındaki bağ,Büyüme,Motivasyon,Korkusuzluk,Susan Jeffers,1,Temel,12,6,9,12,9,7,15,2,72,Kartla test,Carousel,“Bunu seçtim” egzersizi güçlü bir tepki ve not isteği doğurur; koşulları küçümseme riski taşıyor.,Kaynak kontrolü şart
517,1466,Beyin dostu hikaye anlatımı,İletişim,İletişim,Etkileyici Konuşma,Carmine Gallo,1,Temel,11,6,12,11,8,6,14,4,72,Kartla test,Carousel,Hikâyenin veriden güçlü olması içerik üreticisini yakalar; beyin açıklaması görsel karşılaştırmaya uygundur.,Kaynak kontrolü önerilir
518,1582,Sol beyin çağının sonu — sağ beynin yükselişi,Verimlilik,Yaratıcılık,Bütün Beyin,Daniel Pink,1,Temel,12,6,12,12,8,6,14,2,72,Kartla test,Carousel,Sağ beyin ekonomisi yaratıcı işleri öne çıkararak ilgi çeker; eski sağ-sol beyin çerçevesi güveni düşürüyor.,Kaynak kontrolü şart
519,1436,Reddin anatomisi — itiraz yönetimi,Finans,Satış,Satışın Psikolojisi,Brian Tracy,1,Temel,11,5,11,13,8,6,14,4,72,Kartla test,Carousel,"İtirazı ret değil ilgi sayan ters köşe, satışçılara konuşulabilir ve kaydedilebilir bir ders veriyor.",Kaynak kontrolü önerilir
520,1451,Uyku öncesi programlama,Büyüme,Motivasyon,Bilinçaltının Gücü,Joseph Murphy,1,Temel,11,6,11,14,8,6,14,2,72,Kartla test,Carousel,Uyku öncesi zihinsel programlama ritüeli kaydetmelik; nedensellik iddiaları teyit edilmeden riskli.,Kaynak kontrolü şart
521,1579,Hepimiz satıcıyız — satış mesleğinin yeniden tanımı,Finans,Satış,Satışın Yeni Yüzü,Daniel Pink,1,Temel,11,5,11,13,8,6,14,4,72,Kartla test,Carousel,Herkesin satış yaptığı fikri kavrama direncini kırıyor; gündelik ikna sahneleriyle geniş kitleye açılabilir.,Kaynak kontrolü önerilir
522,1614,"Zaman, enerji, para — milyonerlerin gerçek yatırımı",Finans,Finans,Komşu Milyoner,Thomas Stanley,1,Temel,11,5,11,14,8,6,14,3,72,Kartla test,Carousel,Milyonerlerin finans için ayırdığı süre motive edici bir alışkanlık verir; karşılaştırma verisi doğrulanmalı.,Kaynak kontrolü şart
523,1107,Mahkeme soytarısının bilgeliği,Liderlik,Strateji,Güç Yasaları,Robert Greene,1,Temel,13,7,10,10,9,6,14,3,72,Kartla test,Kart testi,Krala şaka yoluyla gerçek söyleyen soytarı canlı bir sahne; modern marka çıkarımı biraz dağınık.,Kaynak kontrolü şart
524,1256,Acının kaçınılmazlığı ve acıdan kaçma bedeli,Büyüme,Motivasyon,Korkusuzluk,Susan Jeffers,1,Temel,11,7,10,11,9,7,14,3,72,Kartla test,Carousel,Kaçış ile netlik ayrımı düşündürücü; her sorunu içselleştirmesi hassas durumlarda suçlayıcı algılanabilir.,Kaynak kontrolü şart
525,1265,Marcus Aurelius'un taht zorunluluğu,Felsefe,Felsefe,Engel Yolu Açar,Ryan Holiday,1,Temel,12,7,10,10,9,7,14,3,72,Kartla test,Kart testi,İstenmeyen taht fikri duygusal ve düşündürücü; tarihsel sonuçların zorunluluğa bağlanması spekülatif kalıyor.,Kaynak kontrolü şart
526,1358,Kabile ve liderlik,Finans,Pazarlama,Unutulmaz Markalar,Seth Godin,1,Temel,11,6,10,12,9,6,14,4,72,Kartla test,Carousel,Unvansız liderlik ve internet kabilesi iyi sohbet açıyor; anlatı somut bir topluluk örneği olmadan genel kalıyor.,Kaynak kontrolü önerilir
527,1647,Ortak ağrı — yalnızlığı aşmanın beklenmedik yolu,Psikoloji,Nörobilim,Çölde Yürümek,Brené Brown,1,Temel,10,8,10,11,7,7,14,5,72,Kartla test,Carousel,Somut sahne ve sayısal ayrıntı güçlü bir video açılışı sağlıyor; paylaşılabilirlik geliştirilmeli.,Standart doğrulama
528,1083,Volan etkisi,Verimlilik,İş Dünyası,Good to Great,Jim Collins,1,Temel,12,7,9,13,8,6,14,3,72,Kartla test,Carousel,Ağır volanın ivmesi iyi bir görsel metafor; şirket başarısını tek ilkeye indirmesi güveni sınırlıyor.,Kaynak kontrolü şart
529,1594,Gluten ve beyin — beklenmedik bağlantı,Sağlık,Sağlık,Beyin ve Diyet,David Perlmutter,1,Temel,12,7,12,13,8,6,13,1,72,Kartla test,Carousel,Glüteni beyin sisiyle bağlayan dramatik anlatı dikkat çeker; geniş tıbbi iddialar nedeniyle güven çok düşük.,Kaynak kontrolü şart
530,1449,Stoacı saat — her anı bilinçli yaşamak,Felsefe,Felsefe,Hayatın Kısalığı Üzerine,Seneca,1,Temel,10,5,10,15,8,6,13,5,72,Kartla test,Carousel,Stoacı günlük denetim üç net soruyla doğrudan uygulanır; özellikle kaydetme ve sesli not değeri yüksek.,Standart doğrulama
531,1114,En iyi olmak kimin için?,Finans,Pazarlama,Purple Cow,Seth Godin,1,Temel,12,6,9,14,9,5,13,4,72,Kartla test,Carousel,Kimin için en iyi sorusu niş seçimini somutlaştırır; hikâyeden çok çerçeve olduğu için duygu düşüktür.,Kaynak kontrolü önerilir
532,1177,80/20 ve zaman yönetimi,Verimlilik,Verimlilik,Pareto İlkesi,Richard Koch,1,Temel,12,7,9,14,9,6,13,2,72,Kartla test,Carousel,Yapılmayacaklar listesi güçlü bir kayıt fikri; Koch'un kişisel sonuçları bağımsız veri olmadan sunuluyor.,Kaynak kontrolü şart
533,1243,Bahçedeki bezelyenin sırrı,Verimlilik,Verimlilik,Pareto İlkesi,Richard Koch,1,Temel,12,7,9,13,9,7,13,2,72,Kartla test,Carousel,Bezelye ile 80/20 ilkesi güçlü görselleşir; 1176'nın tekrarı ve bahçe anekdotu doğruluk riski taşır.,Kaynak kontrolü şart
534,1361,Uzak iyileşme deneyleri,Psikoloji,Farkındalık,Niyet,Lynne McTaggart,1,Temel,14,8,12,5,9,7,16,0,71,Kartla test,Kart testi,Uzak dua ile hastanın iyileşmesi duygusal ama tıbbi kanıt uzlaşısına aykırı; sağlık içeriği olarak yayımlanmamalı.,Kaynak kontrolü şart
535,1272,Çocukluk ihmalinin iz bıraktığı beyin,Sağlık,Sağlık,Bedenin Sesi,Bessel van der Kolk,1,Temel,13,8,11,9,8,6,15,1,71,Kartla test,Kart testi,Çocukluk izleri duygusal açıdan güçlü; beyinlerin aynı görünmesi ve bölge küçülmesi iddiaları aşırı kesin.,Kaynak kontrolü şart
536,1458,Ayna nöronlar ve empati biyolojisi,Psikoloji,Nörobilim,Beynin Sırları,V.S. Ramachandran,1,Temel,11,6,11,11,8,6,15,3,71,Kartla test,Carousel,Ayna nöronları ve bulaşıcı esneme tanıdık bir kanca sunuyor; popüler bilim yorumu dikkatli kurulmalı.,Kaynak kontrolü şart
537,1666,Her adım bir dua — yürürken farkındalık,Psikoloji,Farkındalık,İçsel Barış,Thich Nhat Hanh,1,Temel,9,9,11,10,7,6,15,4,71,Kartla test,Kart testi,Duygusal karşıtlık paylaşma ve kişisel anlatma isteğini yükseltiyor; olay örgüsü geliştirilmeli.,Kaynak kontrolü önerilir
538,1144,Köpekbalığı havuzu ve korku,Büyüme,Motivasyon,Fark Yaratmak,William H. McRaven,1,Temel,14,8,10,8,9,7,15,0,71,Kartla test,Kart testi,Karanlık havuz ve köpekbalığı sinematik; SEAL eğitimi ayrıntısı güvenilir görünmüyor ve doğrulanmadan yayımlanmamalı.,Kaynak kontrolü şart
539,1297,Tek gemi filosunun zafer sırrı,Verimlilik,Verimlilik,Minimalizm,Greg McKeown,1,Temel,12,6,10,12,8,7,15,1,71,Kartla test,Carousel,Beş geminin tek hedefe yönelmesi güçlü bir odak metaforu; savaşın adı ve kaynağı verilmediği için güven zayıf.,Kaynak kontrolü şart
540,1201,Monopol mu rekabet mi?,Verimlilik,Girişimcilik,Sıfır'dan Bir'e,Peter Thiel,1,Temel,13,6,11,11,8,6,14,2,71,Kartla test,Carousel,"Monopol ol çağrısı tartışma ve paylaşım yaratır; rekabet, hukuk ve Google örneği fazla tek yönlü.",Kaynak kontrolü şart
541,1435,Satışın psikolojik temeli — insanlar duygularla alır,Finans,Satış,Satışın Psikolojisi,Brian Tracy,1,Temel,11,6,11,11,8,6,14,4,71,Kartla test,Carousel,Mantıkla başlayıp duyguyla satın alma çelişkisi satış kitlesinde tartışma ve paylaşım doğurur.,Kaynak kontrolü önerilir
542,1497,Gallup araştırması ve iş tatmini,Finans,Kariyer,Güçlü Yönler Bulma,Marcus Buckingham,1,Temel,11,5,11,13,8,6,14,3,71,Kartla test,Carousel,Çalışanların yalnız yüzde 17'sinin gücünü kullanması güçlü veri kancası; oran güncel kaynakla desteklenmeli.,Kaynak kontrolü şart
543,1185,Einstein'ın görsel düşünce sırrı,Felsefe,Öğrenme,Zihin Haritası,Tony Buzan,1,Temel,13,7,10,12,8,6,14,1,71,Kartla test,Carousel,Işık huzmesi yanında uçan Einstein güçlü görüntü; yüzde elli öğrenme ve düşünme iddiaları kanıtsız.,Kaynak kontrolü şart
544,1327,101 hedef listesi,Büyüme,Motivasyon,The Success Principles,Jack Canfield,1,Temel,13,6,10,12,8,7,14,1,71,Kartla test,Carousel,"101 hedef ve yüzde yetmiş sonucu dikkat çekiyor; deney, oran ve retiküler sistem açıklaması güvenilir kaynak istemekte.",Kaynak kontrolü şart
545,1388,Altı insan ihtiyacı,Büyüme,Motivasyon,İçsel Güç,Tony Robbins,1,Temel,11,6,10,13,9,6,14,2,71,Kartla test,Carousel,Altı ihtiyaç alışkanlığı incelemek için kullanışlı; evrensel psikoloji modeli gibi sunulması kanıtsız.,Kaynak kontrolü şart
546,1420,Beyin kimyası ve sabah saati,Sağlık,Alışkanlıklar,Mucize Sabah 2,Hal Elrod,1,Temel,11,6,10,13,9,6,14,2,71,Kartla test,Carousel,"Sabahın ilk 30 dakikası iyi öz sorgu yaratıyor; kortizol, odak ve kimlik bağı gereğinden kesin.",Kaynak kontrolü şart
547,1422,Vizyon ve kimlik netliği,Sağlık,Alışkanlıklar,Mucize Sabah 2,Hal Elrod,1,Temel,11,6,10,13,9,6,14,2,71,Kartla test,Carousel,Motivasyon yerine kimliğe dayanmak kullanışlı; kişisel sahne yok ve kimliğin rutini kaçınılmaz kıldığı abartılı.,Kaynak kontrolü şart
548,1662,Karakter ahlakı — erdemi yeniden keşfetmek,Felsefe,Felsefe,Yeniden Doğmak,David Brooks,1,Temel,10,8,10,11,7,6,14,5,71,Kartla test,Carousel,Somut sahne ve sayısal ayrıntı güçlü bir video açılışı sağlıyor; olay örgüsü geliştirilmeli.,Standart doğrulama
549,1066,Kötü haber veremeyen yöneticinin bedeli,Liderlik,Liderlik,Dürüst Olmak,Kim Scott,1,Temel,13,8,9,11,9,6,14,1,71,Kartla test,Carousel,Sessizliğin milyonluk krize dönüşmesi gerilimli; şirket ve olay belirsiz olduğundan güven düşük kalıyor.,Kaynak kontrolü şart
550,1069,Karşı konulmaz bir güç olarak 'şimdi',Verimlilik,Verimlilik,Şimdi Başla,Neil Fiore,1,Temel,12,7,9,13,9,6,13,2,71,Kartla test,Carousel,Beş yıl ile 30 dakikanın karşıtlığı iyi çalışıyor; Sarah vakasının gerçekliği ve rakamları belirsiz.,Kaynak kontrolü şart
551,1168,Cerrahın ameliyathanede kaybolması,Psikoloji,Psikoloji,Flow,Mihaly Csikszentmihalyi,1,Temel,12,7,9,11,9,6,13,4,71,Kartla test,Carousel,Cerrahın dış dünyayı unutması akışı anlatıyor; komşu hikâyeye göre daha az sürpriz ve daha açıklayıcı.,Kaynak kontrolü önerilir
552,1147,Sınırların üç türü,Büyüme,Kişisel Gelişim,Sınırlar,Nedra Tawwab,1,Temel,11,7,9,14,9,5,12,4,71,Kartla test,Carousel,Üç sınır türü güçlü bir öz değerlendirme listesi; olay ve görsel sürpriz az olduğu için paylaşım orta.,Kaynak kontrolü önerilir
553,1605,Wim Hof nefes tekniği — kontrollü hiperventilasyon ve tutma,Sağlık,Sağlık,Soğuk Yöntem,Wim Hof,1,Temel,13,7,12,13,9,6,10,1,71,Kartla test,Carousel,Wim Hof nefesi güçlü deneyim vaadi taşır; bayılma riski ve zayıf genellemeler video puanını ciddi düşürüyor.,Kaynak kontrolü şart
554,1632,Şefkatli sınır — iyileşmenin pratik kapısı,Sağlık,Sağlık,Bedenin Hayır Demesi,Gabor Maté,1,Temel,9,9,10,10,7,7,15,3,70,Kartla test,Kart testi,Duygusal karşıtlık paylaşma ve kişisel anlatma isteğini yükseltiyor; ilk saniye etkisi geliştirilmeli.,Kaynak kontrolü şart
555,1656,Alanın kapıcıları — yaratıcılığın sosyal boyutu,Verimlilik,Yaratıcılık,Yaratıcılık ve Akış,Mihaly Csikszentmihalyi,1,Temel,9,9,10,10,7,6,15,4,70,Kartla test,Kart testi,Duygusal karşıtlık paylaşma ve kişisel anlatma isteğini yükseltiyor; olay örgüsü geliştirilmeli.,Kaynak kontrolü önerilir
556,1668,İnterbeing — her şeyin birbirine bağlılığı,Psikoloji,Farkındalık,İçsel Barış,Thich Nhat Hanh,1,Temel,9,8,10,10,7,7,15,4,70,Kartla test,Kart testi,Duygusal karşıtlık paylaşma ve kişisel anlatma isteğini yükseltiyor; ilk saniye etkisi geliştirilmeli.,Kaynak kontrolü önerilir
557,1296,Dışarıdan çalışma ve konum bağımsızlığı,Verimlilik,Verimlilik,The 4-Hour Workweek,Tim Ferriss,1,Temel,12,6,9,11,8,8,15,1,70,Kartla test,Carousel,Portekiz’e uzanan müzakere öyküsü akıcı; hastalık numarası önerisi etik ve marka güvenliği açısından sorunlu.,Kaynak kontrolü şart
558,1629,Toplumsal travma — sessizliğin suç ortaklığı,Psikoloji,Psikoloji,Travma ve İyileşme,Judith Herman,1,Temel,10,8,9,9,7,7,15,5,70,Kartla test,Kart testi,Somut sahne ve sayısal ayrıntı güçlü bir video açılışı sağlıyor; paylaşılabilirlik geliştirilmeli.,Standart doğrulama
559,1075,Edison'ın 10.000 başarısızlığı,Büyüme,Motivasyon,Düşün ve Zengin Ol,Napoleon Hill,1,Temel,13,7,10,11,8,6,14,1,70,Kartla test,Carousel,On bin deneme sözü akılda kalıyor ama çok kullanılmış ve tartışmalı; özgün sosyal etki sınırlı.,Kaynak kontrolü şart
560,1105,Talleyrand'ın hayatta kalma sanatı,Liderlik,Strateji,Güç Yasaları,Robert Greene,1,Temel,13,7,10,9,9,7,14,1,70,Kartla test,Kart testi,Dört rejimde kalan diplomat merak uyandırıyor; Napoleon diyaloğu ve güç dersleri kaynaklandırılmalı.,Kaynak kontrolü şart
561,1273,Hemingway'in biyolojik saat ritmi,Verimlilik,Verimlilik,Saatlerin Efendisi,Daniel Pink,1,Temel,12,5,10,12,8,7,14,2,70,Kartla test,Carousel,Hemingway rutini iyi bir giriş ve pratik soru sağlıyor; günün ideal saatlerini herkese genellemek zayıf.,Kaynak kontrolü şart
562,1399,Japonya'da cep telefonuyla koordinasyon,Bilim,Teknoloji,Zeki Kalabalıklar,Howard Rheingold,1,Temel,11,6,10,10,9,7,14,3,70,Kartla test,Kart testi,2002 Tokyo sahnesi ağ koordinasyonunu tarihsel bağlama koyuyor; bugün şaşırtıcılığı ve uygulanabilirliği düşük.,Kaynak kontrolü şart
563,1414,Tavan yasası — kim olduğun neye ulaşabileceğini belirler,Liderlik,Liderlik,Liderlik 21 Yasası,John C. Maxwell,1,Temel,11,6,10,12,9,6,14,2,70,Kartla test,Carousel,"Liderlik tavanı kolay anlaşılır ve öz puanlama doğurur; senaryo kanıtsız, “yasa” dili aşırı iddialı.",Kaynak kontrolü şart
564,1415,Etkinin yasası — asıl para birimi ilişki,Liderlik,Liderlik,Liderlik 21 Yasası,John C. Maxwell,1,Temel,11,7,10,11,9,6,14,2,70,Kartla test,Carousel,Pozisyon yerine gönüllü takip anlamlı; isimsiz vaiz öyküsü ve etkinin tek liderlik tanımı olması zayıf.,Kaynak kontrolü şart
565,1628,Güç ve bağ — iyileşmenin iki ayağı,Psikoloji,Psikoloji,Travma ve İyileşme,Judith Herman,1,Temel,9,9,10,10,7,7,14,4,70,Kartla test,Kart testi,Duygusal karşıtlık paylaşma ve kişisel anlatma isteğini yükseltiyor; ilk saniye etkisi geliştirilmeli.,Kaynak kontrolü önerilir
566,1633,DEHB bir bozukluk değil — uyumsuzluk,Psikoloji,Psikoloji,Dağınık Beyin,Gabor Maté,1,Temel,10,8,10,11,7,7,14,3,70,Kartla test,Carousel,Somut sahne ve sayısal ayrıntı güçlü bir video açılışı sağlıyor; paylaşılabilirlik geliştirilmeli.,Kaynak kontrolü şart
567,1637,Toksik toplum — bağımlılığı besleyen sistem,Finans,Satış,Her Şey Gerçek Olabilir,Gabor Maté,1,Temel,9,9,10,10,7,7,14,4,70,Kartla test,Kart testi,Duygusal karşıtlık paylaşma ve kişisel anlatma isteğini yükseltiyor; ilk saniye etkisi geliştirilmeli.,Kaynak kontrolü önerilir
568,1087,Altın Çember ve ters düşünme,Liderlik,Liderlik,Başlangıç Noktası,Simon Sinek,1,Temel,12,7,10,13,9,5,13,1,70,Kartla test,Carousel,Nedenle başlama çerçevesi kullanışlı; limbik sistem açıklaması nörobilimi aşırı ve hatalı sadeleştiriyor.,Kaynak kontrolü şart
569,1285,Bahçıvan ve zihin toprağı,Felsefe,Felsefe,İnsan Nasıl Düşünür,James Allen,1,Temel,11,6,10,12,8,6,13,4,70,Kartla test,Carousel,Bahçe metaforu anlaşılır ve uygulanabilir; çok tanıdık oluşu özgünlük ve paylaşma isteğini sınırlıyor.,Kaynak kontrolü önerilir
570,1367,Tek kişilik şirketin gücü,Verimlilik,Girişimcilik,Kendi Patronun Ol,Paul Jarvis,1,Temel,11,6,10,13,9,6,13,2,70,Kartla test,Carousel,“Yeterli” eşiğini tanımlamak faydalı; küçük şirketlerin marj üstünlüğü verisiz ve hikâye akışı zayıf.,Kaynak kontrolü şart
571,1398,Sonsuz liderler ve güven kültürü,Liderlik,Strateji,Sonsuz Oyun,Simon Sinek,1,Temel,10,6,10,12,9,6,13,4,70,Kartla test,Carousel,"Güveni sonsuz oyunun parası saymak anlamlı; somut kişi, kriz ve dönüş olmadığı için video gerilimi sınırlı.",Kaynak kontrolü önerilir
572,1461,Öz farkındalığın gücü ve kör nokta,Liderlik,Liderlik,İş Hayatında Duygusal Zeka,Daniel Goleman,1,Temel,10,5,10,14,8,6,13,4,70,Kartla test,Carousel,Kör noktalar ve geri bildirim sorusu öz değerlendirmeyi tetikliyor; sesli not için iyi bir kişisel egzersiz.,Kaynak kontrolü önerilir
573,1482,Meditasyon ve öz tanıma çağı,Tarih,Güncel,21. Yüzyıl İçin 21 Ders,Yuval Noah Harari,1,Temel,10,6,10,14,8,5,13,4,70,Kartla test,Carousel,Meditasyonla kendini tanıma sakin ve uygulanabilir; dramatik olay az olduğu için viral kanca orta seviyede.,Kaynak kontrolü önerilir
574,1521,Bırakmak ve gerçek özgürlük,Psikoloji,Farkındalık,İç Yolculuk,Michael A. Singer,1,Temel,10,6,10,14,8,5,13,4,70,Kartla test,Carousel,Bırakmayı teslimiyet değil özgürleşme saymak rahatlatıcı; pratik adım olduğu için kaydetme değeri yüksek.,Kaynak kontrolü önerilir
575,1523,Gerçeği kabul etme cesareti,Psikoloji,Psikoloji,Az Gitme Yolu,M. Scott Peck,1,Temel,10,6,10,14,8,5,13,4,70,Kartla test,Carousel,Gerçeği kabul etmenin acıyı azaltması sade ve evrensel; olay örgüsü yerine düşünsel egzersiz ağırlıklı.,Kaynak kontrolü önerilir
576,1192,Öğrenci zihniyeti,Felsefe,Felsefe,Ego Is the Enemy,Ryan Holiday,1,Temel,11,7,9,13,9,5,12,4,70,Kartla test,Carousel,Not defterli uzmanlar öğrenci zihniyetini destekliyor; tek bir dramatik olay ve yeni sürpriz eksik.,Kaynak kontrolü önerilir
577,1203,Güvenlik alanından çıkmak,Liderlik,Liderlik,Karanlığın Ötesi,Brené Brown,1,Temel,11,8,9,12,10,5,12,3,70,Kartla test,Carousel,Ya yapsaydım pişmanlığı kişisel bağ kuruyor; somut lider ve araştırma olmayınca video genel kalıyor.,Kaynak kontrolü şart
578,1218,Dijital minimalizm felsefesi,Bilim,Teknoloji,Hiçbir Şeye Bakmamak,Cal Newport,1,Temel,11,6,9,14,9,5,12,4,70,Kartla test,Carousel,Faydalı mı yerine önemli olana katkılı mı sorusu çok kaydedilir; somut hikâye ve duygu sınırlı.,Kaynak kontrolü önerilir
579,1223,Varlık — karizmanın temeli,İletişim,İletişim,Karizmatik Olmak,Olivia Fox Cabane,1,Temel,11,7,9,13,10,5,12,3,70,Kartla test,Carousel,Karizmayı tam dikkate indirmek uygulanabilir ve sıcak; deney ayrıntıları verilmediği için güven sınırlı.,Kaynak kontrolü şart
580,1097,Hesap empati ve önce anlamak,Büyüme,Kişisel Gelişim,The 7 Habits of Highly Effective People,Stephen Covey,1,Temel,11,8,9,13,10,5,11,3,70,Kartla test,Carousel,Cevap hazırlamak ile dinlemek arasındaki fark herkese dokunur; başlık ve araştırma iddiası zayıf.,Kaynak kontrolü şart
581,1338,Güven ve otoriteyi yansıtan duruş,İletişim,İletişim,Beden Dili,Joe Navarro,1,Temel,13,6,11,8,8,7,16,0,69,Düşük öncelik,Kart testi,İki dakikalık güç pozu iyi video olur; hormon sonuçları tekrarlanamayan tartışmalı deneye dayanıyor.,Kaynak kontrolü şart
582,1691,İlişki yönetimi — bağlantı kurmak bir beceridir,Psikoloji,Psikoloji,Bütünleşik Zekanın Gücü,Travis Bradberry,1,Temel,9,8,10,10,7,6,15,4,69,Düşük öncelik,Kart testi,Duygusal karşıtlık paylaşma ve kişisel anlatma isteğini yükseltiyor; olay örgüsü geliştirilmeli.,Kaynak kontrolü önerilir
583,1234,Jared ve Subway diyeti,İletişim,İletişim,Yapışkan Fikirler,Chip Heath,1,Temel,14,7,9,8,7,7,15,2,69,Düşük öncelik,Kart testi,110 kilo dönüşümü güçlü görsel ancak Subway sağlık mesajı aşırı basit ve sözcü geçmişi marka riski taşıyor.,Kaynak kontrolü şart
584,1293,Vergi sistemi ve şirket stratejisi,Finans,Finans,Zengin Baba Fakir Baba,Robert Kiyosaki,1,Temel,12,5,11,13,7,6,14,1,69,Düşük öncelik,Carousel,Vergi sıralaması kolay anlaşılır ve kaydedilir; ülkeye göre değişen kuralları evrensel gerçek gibi anlatıyor.,Kaynak kontrolü şart
585,1308,Stres ve kas büyümesi — antikırılganlığın bedeni,Felsefe,Düşünme,Antikırılgan,Nassim Taleb,1,Temel,12,7,10,10,8,6,14,2,69,Düşük öncelik,Kart testi,"Kas metaforu kolay görselleşiyor; mikro yırtık, bağışıklık ve yaşam zorluğu genellemeleri fazla geniş.",Kaynak kontrolü şart
586,1623,Kaygılı-kaçıngan tuzağı — zıt stiller neden birbirini çeker,İletişim,İlişkiler,Bağlanma Teorisi,Amir Levine,1,Temel,9,8,10,10,7,7,14,4,69,Düşük öncelik,Kart testi,Duygusal karşıtlık paylaşma ve kişisel anlatma isteğini yükseltiyor; ilk saniye etkisi geliştirilmeli.,Kaynak kontrolü önerilir
587,1671,Bağlantısı kesilen bir zihin — öfkenin gerçek kaynağı,Psikoloji,Psikoloji,Öfke,Thich Nhat Hanh,1,Temel,9,8,10,9,7,8,14,4,69,Düşük öncelik,Kart testi,Duygusal karşıtlık paylaşma ve kişisel anlatma isteğini yükseltiyor; ilk saniye etkisi geliştirilmeli.,Kaynak kontrolü önerilir
588,1687,Mutluluk tuzağı — daha iyi hissetmeye çalışmak neden işe yaramıyor,Psikoloji,Psikoloji,Psikolojik Esneklik,Russ Harris,1,Temel,9,8,10,9,7,8,14,4,69,Düşük öncelik,Kart testi,Duygusal karşıtlık paylaşma ve kişisel anlatma isteğini yükseltiyor; ilk saniye etkisi geliştirilmeli.,Kaynak kontrolü önerilir
589,1076,Barnes'ın Edison ortaklığı hayali,Büyüme,Motivasyon,Düşün ve Zengin Ol,Napoleon Hill,1,Temel,13,8,9,9,8,7,14,1,69,Düşük öncelik,Kart testi,Yük vagonundan Edison ortaklığına akış iyi; kapıcılık ve beş yıl ayrıntıları güçlü kaynak istiyor.,Kaynak kontrolü şart
590,1271,Güvenli beden — iyileşmenin temeli,Sağlık,Sağlık,Bedenin Sesi,Bessel van der Kolk,1,Temel,11,8,9,10,8,7,14,2,69,Düşük öncelik,Kart testi,Beden güvenliği yaklaşımı anlamlı; yoga sonuçları ve tedavi kıyasları tıbbi kaynakla daha ölçülü sunulmalı.,Kaynak kontrolü şart
591,1220,Şükranın beyin kimyası,Psikoloji,Mutluluk,Şükran Günlüğü,Janice Kaplan,1,Temel,13,7,10,13,8,5,13,0,69,Düşük öncelik,Carousel,"Üç şükür maddesi uygulanabilir; serotonin, dopamin ve 21 günde yeniden programlama iddiaları güvenilir değil.",Kaynak kontrolü şart
592,1374,Eşyaların enerjisi ve ev farkındalığı,Felsefe,Yaşam,The Life-Changing Magic of Tidying Up,Marie Kondo,1,Temel,11,6,10,11,9,6,13,3,69,Düşük öncelik,Carousel,Nesneye teşekkür ritüeli farkındalık yaratıyor; ilişki ve işlere aynı neşe filtresini taşımak yüzeysel kalabilir.,Kaynak kontrolü şart
593,1540,Her problem görsel düşünceyle çözülebilir,Verimlilik,Yaratıcılık,Peçete Arkası,Dan Roam,1,Temel,10,5,10,14,8,5,13,4,69,Düşük öncelik,Carousel,Herkesin görsel düşünebileceği mesajı cesaret veriyor; uygulanabilir çizim alıştırmaları kaydetmeye uygun.,Kaynak kontrolü önerilir
594,1617,Bütçe — paranın patronu olmak,Finans,Finans,Borç Devrimi,Dave Ramsey,1,Temel,10,4,10,15,7,5,13,5,69,Düşük öncelik,Carousel,Sıfır tabanlı bütçe her liraya görev vererek net sistem kuruyor; pratik ama anlatısal çekiciliği sınırlı.,Standart doğrulama
595,1090,Build-Measure-Learn döngüsü,Verimlilik,Girişimcilik,Büyük Sıçrayış,Eric Ries,1,Temel,12,6,9,13,8,6,13,2,69,Düşük öncelik,Carousel,Andon ipi güçlü bir açılış; Toyota'dan döngüye doğrudan soy bağı ve bazı genellemeler teyit istiyor.,Kaynak kontrolü şart
596,1353,İkiz döngüsü — kazanma ve öğrenme,Sağlık,Alışkanlıklar,Bir Sonraki Seviye,Robin Sharma,1,Temel,10,6,9,13,9,6,13,3,69,Düşük öncelik,Carousel,"Kazanma ve öğrenme günlüğü yararlı bir rutin; somut kişi, olay ve sürpriz olmadığından anlatı enerjisi düşük.",Kaynak kontrolü şart
597,1384,Küçük sağlık kazanımlarının bileşimi,Sağlık,Sağlık,Sağlıklı Olmak,James Clear,1,Temel,10,7,9,13,8,6,13,3,69,Düşük öncelik,Carousel,Bir bardak su gibi küçük adım uygulanabilir; somut karakter ve özgün olay olmadığı için hikâye zayıf.,Kaynak kontrolü şart
598,1391,Hedefin altı P'si,Liderlik,Hedefler,Hedeflere Ulaşmak,Brian Tracy,1,Temel,11,6,9,14,8,6,13,2,69,Düşük öncelik,Carousel,Altı P pratik bir kontrol listesi; şimdiki zamanın beyni programladığı ve başarıyı kaçınılmaz kıldığı iddiası zayıf.,Kaynak kontrolü şart
599,1126,"Soyut lider mi, somut lider mi?",Liderlik,Liderlik,Liderlik Sanatı,Simon Sinek,1,Temel,11,7,9,12,9,5,12,4,69,Düşük öncelik,Carousel,"Unvan ve davranış ayrımı yararlı, ancak olay örgüsü ve özgün sürpriz az; daha çok kısa bir liderlik dersi.",Kaynak kontrolü önerilir
600,1159,Ortak zemin yaratma sanatı,İletişim,İletişim,Dürüst Konuşmak,Kerry Patterson,1,Temel,11,7,8,13,10,5,11,4,69,Düşük öncelik,Carousel,Ortak amaç cümlesi zor konuşmalar için kaydedilir; hikâye ve özgün görsel sahne bulunmuyor.,Kaynak kontrolü önerilir
601,1638,Şefkatin nörobilimi — bağlantı bağımlılığın panzehiri,Finans,Satış,Her Şey Gerçek Olabilir,Gabor Maté,1,Temel,9,9,10,9,7,6,15,3,68,Düşük öncelik,Kart testi,Duygusal karşıtlık paylaşma ve kişisel anlatma isteğini yükseltiyor; olay örgüsü geliştirilmeli.,Kaynak kontrolü şart
602,1669,Öfkeyi pişirmek — soğutma değil dönüştürme,Psikoloji,Psikoloji,Öfke,Thich Nhat Hanh,1,Temel,9,9,10,7,7,7,15,4,68,Düşük öncelik,Kart testi,Duygusal karşıtlık paylaşma ve kişisel anlatma isteğini yükseltiyor; ilk saniye etkisi geliştirilmeli.,Kaynak kontrolü önerilir
603,1450,Bilinçaltı ve otonom sinir sistemi,Büyüme,Motivasyon,Bilinçaltının Gücü,Joseph Murphy,1,Temel,11,6,10,11,8,6,14,2,68,Düşük öncelik,Carousel,Bilinçaltının bedeni yönetmesi çarpıcıdır; genelleyici bilim iddiaları güven puanını belirgin düşürüyor.,Kaynak kontrolü şart
604,1626,Yeniden ebeveynlik — kendini iyileştirmenin yolu,Psikoloji,Psikoloji,Duygusal Olgunlaşmamış Ebeveynler,Lindsay Gibson,1,Temel,9,7,10,9,7,8,14,4,68,Düşük öncelik,Kart testi,Duygusal karşıtlık paylaşma ve kişisel anlatma isteğini yükseltiyor; ilk saniye etkisi geliştirilmeli.,Kaynak kontrolü önerilir
605,1635,Utanç sarmalı — DEHB ve kimlik yarası,Psikoloji,Psikoloji,Dağınık Beyin,Gabor Maté,1,Temel,9,9,10,9,7,7,14,3,68,Düşük öncelik,Kart testi,Duygusal karşıtlık paylaşma ve kişisel anlatma isteğini yükseltiyor; ilk saniye etkisi geliştirilmeli.,Kaynak kontrolü şart
606,1646,Kutup yıldızı değerleri — kalabalığa rağmen yolunu bulmak,Psikoloji,Nörobilim,Çölde Yürümek,Brené Brown,1,Temel,9,7,10,10,7,7,14,4,68,Düşük öncelik,Kart testi,Duygusal karşıtlık paylaşma ve kişisel anlatma isteğini yükseltiyor; ilk saniye etkisi geliştirilmeli.,Kaynak kontrolü önerilir
607,1652,Günlük hayatta akış — sıradan anların dönüşümü,Psikoloji,Psikoloji,Akış Bulmak,Mihaly Csikszentmihalyi,1,Temel,9,7,10,9,7,8,14,4,68,Düşük öncelik,Kart testi,Duygusal karşıtlık paylaşma ve kişisel anlatma isteğini yükseltiyor; ilk saniye etkisi geliştirilmeli.,Kaynak kontrolü önerilir
608,1667,Öfkeli bir mektup göndermemek — duyguya alan tanımak,Psikoloji,Farkındalık,İçsel Barış,Thich Nhat Hanh,1,Temel,9,8,10,9,7,7,14,4,68,Düşük öncelik,Kart testi,Duygusal karşıtlık paylaşma ve kişisel anlatma isteğini yükseltiyor; ilk saniye etkisi geliştirilmeli.,Kaynak kontrolü önerilir
609,1673,Dikkat artığı — taşınan zihin maliyeti,Verimlilik,Verimlilik,Konsantrasyon Gücü,CNewport,1,Temel,10,7,10,9,7,6,14,5,68,Düşük öncelik,Kart testi,Somut sahne ve sayısal ayrıntı güçlü bir video açılışı sağlıyor; olay örgüsü geliştirilmeli.,Standart doğrulama
610,1677,Yüzde bir daha iyi — bileşik büyümenin alışkanlık versiyonu,Liderlik,Yönetim,Başarılı Değişim,James Clear,1,Temel,10,6,10,10,6,7,14,5,68,Düşük öncelik,Kart testi,Somut sahne ve sayısal ayrıntı güçlü bir video açılışı sağlıyor; paylaşılabilirlik geliştirilmeli.,Standart doğrulama
611,1681,İnternet ve derin okuma — kaybedilen bir beceri,Bilim,Teknoloji,The Shallows,Nicholas Carr,1,Temel,10,7,10,10,7,7,14,3,68,Düşük öncelik,Kart testi,Somut sahne ve sayısal ayrıntı güçlü bir video açılışı sağlıyor; paylaşılabilirlik geliştirilmeli.,Kaynak kontrolü şart
612,1688,Bilişsel ayrışma — düşüncelerden mesafe almanın ACT yöntemi,Psikoloji,Psikoloji,Psikolojik Esneklik,Russ Harris,1,Temel,9,8,10,10,7,6,14,4,68,Düşük öncelik,Kart testi,Duygusal karşıtlık paylaşma ve kişisel anlatma isteğini yükseltiyor; olay örgüsü geliştirilmeli.,Kaynak kontrolü önerilir
613,1189,Büyük İskender'in hareketsizliği,Felsefe,Felsefe,Stillness Is the Key,Ryan Holiday,1,Temel,13,7,9,9,9,6,14,1,68,Düşük öncelik,Kart testi,Sessiz bekleyişten ezici hamleye geçiş sinematik; İskender örneği olay ve kaynak olmadan soyut kalıyor.,Kaynak kontrolü şart
614,1485,Lider davranışı ve güvenlik iklimi,Liderlik,Yönetim,The Fearless Organization,Amy Edmondson,1,Temel,10,5,10,14,7,5,13,4,68,Düşük öncelik,Carousel,Liderin küçük tepkilerinin kültürü şekillendirmesi uygulanabilir; gözlem soruları sesli not kullanımını destekler.,Kaynak kontrolü önerilir
615,1488,Odaklanmanın gerçek düşmanları,Verimlilik,Verimlilik,Çalınan Dikkat,Johann Hari,1,Temel,10,4,10,15,7,5,13,4,68,Düşük öncelik,Carousel,Odağın üç düşmanı pratik ve kaydetmelik; liste formatı güçlü duygu ve özgün hikâye etkisini azaltıyor.,Kaynak kontrolü önerilir
616,1495,Zayıfları düzeltmek değil güçlüleri geliştirmek,Finans,Kariyer,Güçlü Yönler Bulma,Marcus Buckingham,1,Temel,10,5,10,14,7,5,13,4,68,Düşük öncelik,Carousel,Zayıflık yerine güce yatırım mesajı motive eder ve kaydedilir; daha özgün bir karakter öyküsüyle güçlenir.,Kaynak kontrolü önerilir
617,1515,Kaynak dağıtımı ve strateji icra uçurumu,Verimlilik,İş Dünyası,Yıkıcı İnovasyon,Clayton Christensen,1,Temel,10,4,10,14,7,5,13,5,68,Düşük öncelik,Carousel,Kaynak dağılımının gerçek strateji olması liderlere net bir teşhis sunuyor; tablo ve örnekle iyi kaydedilir.,Standart doğrulama
618,1557,İş modeli inovasyonu — rakibi taklit etmek değil yeniden tasarlamak,Verimlilik,Girişimcilik,İş Modeli Üretimi,Alexander Osterwalder,1,Temel,10,4,10,14,7,5,13,5,68,Düşük öncelik,Carousel,"IKEA, Nespresso ve Zipcar örnekleri model çeşitlerini öğretir; yoğun bilgi kısa videoda sadeleştirilmeli.",Standart doğrulama
619,1068,İtalyan ressam ve gevşeme paradoksu,Verimlilik,Verimlilik,Şimdi Başla,Neil Fiore,1,Temel,12,7,9,12,8,6,13,1,68,Düşük öncelik,Carousel,Dinlenmeyle gelen fikirler sıcak ve görselleştirilebilir; isimsiz ressam öyküsü kaynak desteği taşımıyor.,Kaynak kontrolü şart
620,1184,Risk asimetrisi ve kayıptan kaçınma,Finans,Finans,Money: Master the Game,Tony Robbins,1,Temel,12,6,9,13,8,5,13,2,68,Düşük öncelik,Carousel,Beşe karşı yüz örneği net; yatırım stratejisi ve kayıptan kaçınma fazla basit reçeteye dönüşüyor.,Kaynak kontrolü şart
621,1186,Bir sayfada bir kitap,Felsefe,Öğrenme,Zihin Haritası,Tony Buzan,1,Temel,12,6,9,14,8,5,13,1,68,Düşük öncelik,Carousel,Bir kitabı tek sayfaya indirmek kaydedilebilir; üç kat hatırlama sonucu kaynak olmadan güven vermiyor.,Kaynak kontrolü şart
622,1227,Geçmiş ve şimdiki an,Felsefe,Felsefe,Cesur Olmak,Ichiro Kishimi,1,Temel,12,8,9,10,9,6,13,1,68,Düşük öncelik,Kart testi,Geçmişe verilen anlam fikri özgürleştirici olabilir; travmayı şimdiki seçim diye sunmak zarar riski taşır.,Kaynak kontrolü şart
623,1259,Çınar ağacı ve fırtına,Felsefe,Felsefe,Stillness Is the Key,Ryan Holiday,1,Temel,10,7,9,11,8,6,13,4,68,Düşük öncelik,Carousel,"Fırtına ve kök metaforu kolay anlaşılır, ancak oldukça tanıdık olduğu için güçlü bir yenilik hissi üretmiyor.",Kaynak kontrolü önerilir
624,1454,Sekiz neşe sütunu,Psikoloji,Mutluluk,Neşeyi Seç,Dalai Lama,1,Temel,9,5,10,15,7,5,12,5,68,Düşük öncelik,Carousel,Neşenin sekiz sütunu çok kaydedilebilir bir çerçeve; liste yapısı videoda özgün hikâye etkisini azaltıyor.,Standart doğrulama
625,1098,Sabit ve büyüme zihniyeti farkı,Psikoloji,Psikoloji,Zihin Gücü,Carol Dweck,1,Temel,11,7,9,14,8,5,12,2,68,Düşük öncelik,Carousel,İki zihniyet ayrımı uygulanabilir; on yıllık takip ve sonuçlar kaynak verilmeden fazla kesin anlatılıyor.,Kaynak kontrolü şart
626,1242,Eleştiri yapmadan değiştirme sanatı,İletişim,İletişim,İkna Sanatı,Dale Carnegie,1,Temel,12,7,9,12,9,5,12,2,68,Düşük öncelik,Carousel,Eleştiri yerine kimliği güçlendirmek yararlı; eleştiri asla işe yaramaz iddiası aşırı ve bağlamdan yoksun.,Kaynak kontrolü şart
627,1651,Akış deneyimi — zamanın eridiği bilinç hali,Psikoloji,Psikoloji,Akış Bulmak,Mihaly Csikszentmihalyi,1,Temel,9,6,10,10,7,6,15,4,67,Düşük öncelik,Kart testi,Duygusal karşıtlık paylaşma ve kişisel anlatma isteğini yükseltiyor; olay örgüsü geliştirilmeli.,Kaynak kontrolü önerilir
628,1690,Öz farkındalık — duygusal zekanın temeli,Psikoloji,Psikoloji,Bütünleşik Zekanın Gücü,Travis Bradberry,1,Temel,10,4,10,11,6,6,15,5,67,Düşük öncelik,Carousel,Somut sahne ve sayısal ayrıntı güçlü bir video açılışı sağlıyor; olay örgüsü geliştirilmeli.,Standart doğrulama
629,1620,Hold me tight anı — yeniden bağlanmanın kapısı,İletişim,İlişkiler,İlişki Psikolojisi,Sue Johnson,1,Temel,9,8,10,8,7,7,14,4,67,Düşük öncelik,Kart testi,Duygusal karşıtlık paylaşma ve kişisel anlatma isteğini yükseltiyor; ilk saniye etkisi geliştirilmeli.,Kaynak kontrolü önerilir
630,1621,"Üç bağlanma stili — güvenli, kaygılı, kaçıngan",İletişim,İlişkiler,Bağlanma Teorisi,Amir Levine,1,Temel,9,7,10,9,7,7,14,4,67,Düşük öncelik,Kart testi,Duygusal karşıtlık paylaşma ve kişisel anlatma isteğini yükseltiyor; ilk saniye etkisi geliştirilmeli.,Kaynak kontrolü önerilir
631,1622,Kaçıngan paradoksu — yakınlık isteyen ama uzaklaşan,İletişim,İlişkiler,Bağlanma Teorisi,Amir Levine,1,Temel,9,6,10,10,7,7,14,4,67,Düşük öncelik,Kart testi,Duygusal karşıtlık paylaşma ve kişisel anlatma isteğini yükseltiyor; ilk saniye etkisi geliştirilmeli.,Kaynak kontrolü önerilir
632,1627,Travmanın dili — sözsüz yaranın kökeni,Psikoloji,Psikoloji,Travma ve İyileşme,Judith Herman,1,Temel,9,9,10,7,7,7,14,4,67,Düşük öncelik,Kart testi,Duygusal karşıtlık paylaşma ve kişisel anlatma isteğini yükseltiyor; ilk saniye etkisi geliştirilmeli.,Kaynak kontrolü önerilir
633,1631,Stres ve bağışıklık — neden duygular fizyoloji değiştirir,Sağlık,Sağlık,Bedenin Hayır Demesi,Gabor Maté,1,Temel,9,8,10,9,7,7,14,3,67,Düşük öncelik,Kart testi,Duygusal karşıtlık paylaşma ve kişisel anlatma isteğini yükseltiyor; ilk saniye etkisi geliştirilmeli.,Kaynak kontrolü şart
634,1636,Bağımlılık bir seçim değil — acının dili,Finans,Satış,Her Şey Gerçek Olabilir,Gabor Maté,1,Temel,9,8,10,9,7,6,14,4,67,Düşük öncelik,Kart testi,Duygusal karşıtlık paylaşma ve kişisel anlatma isteğini yükseltiyor; olay örgüsü geliştirilmeli.,Kaynak kontrolü önerilir
635,1648,Duygu dili — adlandıramadığınızı yönetemezsiniz,Psikoloji,Duygular,Kalbin Haritası,Brené Brown,1,Temel,10,7,10,9,7,5,14,5,67,Düşük öncelik,Kart testi,Somut sahne ve sayısal ayrıntı güçlü bir video açılışı sağlıyor; olay örgüsü geliştirilmeli.,Standart doğrulama
636,1657,Diyet kültürünün reddi — besinleri ahlaki kategoriden çıkarmak,Sağlık,Sağlık,İçgüdüsel Yeme,Evelyn Tribole,1,Temel,9,7,10,10,7,6,14,4,67,Düşük öncelik,Kart testi,Duygusal karşıtlık paylaşma ve kişisel anlatma isteğini yükseltiyor; olay örgüsü geliştirilmeli.,Kaynak kontrolü önerilir
637,1661,Taahhüt kültürü — seçenekler çağında derinliği bulmak,Felsefe,Felsefe,Yeniden Doğmak,David Brooks,1,Temel,9,9,10,8,7,6,14,4,67,Düşük öncelik,Kart testi,Duygusal karşıtlık paylaşma ve kişisel anlatma isteğini yükseltiyor; olay örgüsü geliştirilmeli.,Kaynak kontrolü önerilir
638,1665,Şimdiki an — tek gerçek ev,Psikoloji,Farkındalık,Yeni Toprak,Eckhart Tolle,1,Temel,9,8,10,9,7,6,14,4,67,Düşük öncelik,Kart testi,Duygusal karşıtlık paylaşma ve kişisel anlatma isteğini yükseltiyor; olay örgüsü geliştirilmeli.,Kaynak kontrolü önerilir
639,1679,On dakika — küçük bir pratiğin büyük dönüşümü,Psikoloji,Farkındalık,Yeni Başlayanlar İçin Meditasyon,Andy Puddicombe,1,Temel,9,8,10,9,7,6,14,4,67,Düşük öncelik,Kart testi,Duygusal karşıtlık paylaşma ve kişisel anlatma isteğini yükseltiyor; olay örgüsü geliştirilmeli.,Kaynak kontrolü önerilir
640,1081,Kıtlık ve sınırlı üretim yanılsaması,Psikoloji,Psikoloji,Influence,Robert Cialdini,1,Temel,12,6,10,12,8,5,13,1,67,Düşük öncelik,Carousel,Son üç ürün mesajı tanıdık ve yararlı; Amazon'a bağlanan satış artışı kanıtsız ve fazla kesin.,Kaynak kontrolü şart
641,1465,TED sahnesindeki üç sır,İletişim,İletişim,Etkileyici Konuşma,Carmine Gallo,1,Temel,10,4,10,14,7,5,13,4,67,Düşük öncelik,Carousel,Üç TED sırrı üreticilere hazır kontrol listesi verir; bilinirliği nedeniyle özgünlük ve duygu orta kalıyor.,Kaynak kontrolü önerilir
642,1554,Sonuçlara odaklanma — ego mu yoksa ekip mi kazansın,Liderlik,Liderlik,The Five Dysfunctions of a Team,Patrick Lencioni,1,Temel,10,4,10,13,7,5,13,5,67,Düşük öncelik,Carousel,Ego yerine takım sonucu mesajı net ve yararlı; özgün olay örgüsü olmadan klasik liderlik tavsiyesi gibi kalıyor.,Standart doğrulama
643,1564,Çizginin altında ya da üstünde — iki liderlik hali,Liderlik,Liderlik,Bilinçli Liderlik,Jim Dethmer,1,Temel,10,4,10,14,7,5,13,4,67,Düşük öncelik,Carousel,Çizginin üstü-altı ayrımı hızlı öz değerlendirme sağlar; iş koçluğu çerçevesi olduğu için kitlesi daha dar.,Kaynak kontrolü önerilir
644,1440,Tükenme ve empatinin bedeli,Psikoloji,Psikoloji,Against Empathy,Paul Bloom,1,Temel,10,6,10,13,7,5,12,4,67,Düşük öncelik,Carousel,Empati yorgunluğu sağlık çalışanlarıyla duygusal bağ kuruyor; çözüm bölümü kaydetmeyi destekliyor.,Kaynak kontrolü önerilir
645,1133,Şimdiki anın kapısı,Psikoloji,Farkındalık,Şimdi ve Burada,Eckhart Tolle,1,Temel,11,7,8,12,9,5,11,4,67,Düşük öncelik,Carousel,Şimdi mesajı evrensel ve sesli düşünmeye açık; somut olay ve yeni bir ters köşe az olduğu için video gücü orta.,Kaynak kontrolü önerilir
646,1362,Topluluk niyeti ve dalgalanma etkisi,Psikoloji,Farkındalık,Niyet,Lynne McTaggart,1,Temel,13,7,11,5,9,6,15,0,66,Düşük öncelik,Kart testi,Ortak niyet sıcak bir topluluk fikri; su kristali ve alan etkisini tekrarlanabilir bilim gibi göstermesi sorunlu.,Kaynak kontrolü şart
647,1645,Gerçek aitlik — onay için değil özgünlük için,Psikoloji,Nörobilim,Çölde Yürümek,Brené Brown,1,Temel,9,7,10,7,7,7,15,4,66,Düşük öncelik,Kart testi,Duygusal karşıtlık paylaşma ve kişisel anlatma isteğini yükseltiyor; ilk saniye etkisi geliştirilmeli.,Kaynak kontrolü önerilir
648,1437,Güven inşası ve ilk izlenim,Finans,Satış,Satışın Psikolojisi,Brian Tracy,1,Temel,10,5,11,10,8,5,14,3,66,Düşük öncelik,Kart testi,Yedi saniyelik ilk izlenim iddiası hızlı video kancası sağlar; bilimsel oran daha sağlam kaynak ister.,Kaynak kontrolü şart
649,1624,Duygusal olgunlaşmamış ebeveyn — sevgi var ama bağ yok,Psikoloji,Psikoloji,Duygusal Olgunlaşmamış Ebeveynler,Lindsay Gibson,1,Temel,9,7,10,10,7,5,14,4,66,Düşük öncelik,Kart testi,Duygusal karşıtlık paylaşma ve kişisel anlatma isteğini yükseltiyor; olay örgüsü geliştirilmeli.,Kaynak kontrolü önerilir
650,1630,"Bastırılan duygu, beden dili — hastalık mesajın taşıyıcısı",Sağlık,Sağlık,Bedenin Hayır Demesi,Gabor Maté,1,Temel,9,8,10,9,7,6,14,3,66,Düşük öncelik,Kart testi,Duygusal karşıtlık paylaşma ve kişisel anlatma isteğini yükseltiyor; olay örgüsü geliştirilmeli.,Kaynak kontrolü şart
651,1639,Yeterince iyi olmak — mükemmeliyetçiliğin gerçek bedeli,Büyüme,Kişisel Gelişim,Özgür Olmak 2,Brené Brown,1,Temel,9,7,10,9,7,6,14,4,66,Düşük öncelik,Kart testi,Duygusal karşıtlık paylaşma ve kişisel anlatma isteğini yükseltiyor; olay örgüsü geliştirilmeli.,Kaynak kontrolü önerilir
652,1641,Minnettarlık ve neşe — en cesur duygular,Büyüme,Kişisel Gelişim,Özgür Olmak 2,Brené Brown,1,Temel,9,7,10,8,7,7,14,4,66,Düşük öncelik,Kart testi,Duygusal karşıtlık paylaşma ve kişisel anlatma isteğini yükseltiyor; ilk saniye etkisi geliştirilmeli.,Kaynak kontrolü önerilir
653,1642,Arenada olmak — düşme cesareti,Büyüme,Dayanıklılık,Güçlü Kalkmak,Brené Brown,1,Temel,10,6,10,9,7,5,14,5,66,Düşük öncelik,Kart testi,Somut sahne ve sayısal ayrıntı güçlü bir video açılışı sağlıyor; olay örgüsü geliştirilmeli.,Standart doğrulama
654,1644,Devrilme ve kalkış — iyileşmenin üç aşaması,Büyüme,Dayanıklılık,Güçlü Kalkmak,Brené Brown,1,Temel,9,7,10,8,7,7,14,4,66,Düşük öncelik,Kart testi,Duygusal karşıtlık paylaşma ve kişisel anlatma isteğini yükseltiyor; ilk saniye etkisi geliştirilmeli.,Kaynak kontrolü önerilir
655,1650,Kin ve öfke — taşınan ağırlıkların farkı,Psikoloji,Duygular,Kalbin Haritası,Brené Brown,1,Temel,9,8,10,9,7,5,14,4,66,Düşük öncelik,Kart testi,Duygusal karşıtlık paylaşma ve kişisel anlatma isteğini yükseltiyor; olay örgüsü geliştirilmeli.,Kaynak kontrolü önerilir
656,1659,Duygusal yeme — besinden beklenen şey besin veremez,Sağlık,Sağlık,İçgüdüsel Yeme,Evelyn Tribole,1,Temel,9,7,10,10,7,5,14,4,66,Düşük öncelik,Kart testi,Duygusal karşıtlık paylaşma ve kişisel anlatma isteğini yükseltiyor; olay örgüsü geliştirilmeli.,Kaynak kontrolü önerilir
657,1660,İki dağ — birinci ve ikinci hayat,Felsefe,Felsefe,Yeniden Doğmak,David Brooks,1,Temel,10,7,10,9,7,6,14,3,66,Düşük öncelik,Kart testi,Somut sahne ve sayısal ayrıntı güçlü bir video açılışı sağlıyor; olay örgüsü geliştirilmeli.,Kaynak kontrolü şart
658,1663,Ego ve öz — kimlik yanılsamasının kökü,Psikoloji,Farkındalık,Yeni Toprak,Eckhart Tolle,1,Temel,9,7,10,9,7,6,14,4,66,Düşük öncelik,Kart testi,Duygusal karşıtlık paylaşma ve kişisel anlatma isteğini yükseltiyor; olay örgüsü geliştirilmeli.,Kaynak kontrolü önerilir
659,1678,Meditasyon yanılgısı — zihnin boşalması değil farkındalık,Psikoloji,Farkındalık,Yeni Başlayanlar İçin Meditasyon,Andy Puddicombe,1,Temel,9,9,10,7,7,6,14,4,66,Düşük öncelik,Kart testi,Duygusal karşıtlık paylaşma ve kişisel anlatma isteğini yükseltiyor; olay örgüsü geliştirilmeli.,Kaynak kontrolü önerilir
660,1680,Evrimsel beyin ve aldatmaca — neden zihin her zaman yanlış hissedebilir,Psikoloji,Farkındalık,Meditasyonla İyileşme,Robert Wright,1,Temel,8,8,10,10,7,5,14,4,66,Düşük öncelik,Kart testi,Duygusal karşıtlık paylaşma ve kişisel anlatma isteğini yükseltiyor; olay örgüsü geliştirilmeli.,Kaynak kontrolü önerilir
661,1683,"Üç odak türü — iç, dış ve sistem odağı",Verimlilik,Verimlilik,Dikkatin Gücü,Daniel Goleman,1,Temel,9,6,10,10,7,6,14,4,66,Düşük öncelik,Kart testi,Duygusal karşıtlık paylaşma ve kişisel anlatma isteğini yükseltiyor; olay örgüsü geliştirilmeli.,Kaynak kontrolü önerilir
662,1684,Dikkat eğitimi — beyin kası olarak odak,Verimlilik,Verimlilik,Dikkatin Gücü,Daniel Goleman,1,Temel,9,6,10,10,7,6,14,4,66,Düşük öncelik,Kart testi,Duygusal karşıtlık paylaşma ve kişisel anlatma isteğini yükseltiyor; olay örgüsü geliştirilmeli.,Kaynak kontrolü önerilir
663,1686,Değerlere dayalı eylem — duygu değil değer rehberlik eder,Psikoloji,Psikoloji,Duygusal Çeviklik,Susan David,1,Temel,9,7,10,10,7,5,14,4,66,Düşük öncelik,Kart testi,Duygusal karşıtlık paylaşma ve kişisel anlatma isteğini yükseltiyor; olay örgüsü geliştirilmeli.,Kaynak kontrolü önerilir
664,1210,Aklın rahatlama dürtüsü,Büyüme,Motivasyon,Can't Hurt Me,David Goggins,1,Temel,13,7,9,9,8,6,14,0,66,Düşük öncelik,Kart testi,Yüzde kırk duvarı viral bir slogan ama bilimsel temeli yok; bedensel sınırları aşma çağrısı güvenlik riski taşır.,Kaynak kontrolü şart
665,1433,Yüksek hedef kültürü — moonshot düşünce,Liderlik,Yönetim,Büyüme Kültürü,John Doerr,1,Temel,10,4,10,13,7,5,13,4,66,Düşük öncelik,Carousel,Yüzde 70 hedef paradoksu güçlü bir merak açıyor; uygulanabilir OKR özeti kaydetmeye uygun.,Kaynak kontrolü önerilir
666,1443,Zihinsel modeller ve tasarımın gizli dili,Verimlilik,Tasarım,Gündelik Nesneler Tasarımı,Don Norman,1,Temel,10,4,10,13,7,5,13,4,66,Düşük öncelik,Carousel,Zihinsel modeller gündelik yanılgıları açıklıyor; örneklerle iyi bir kaydetmelik seri olabilir.,Kaynak kontrolü önerilir
667,1446,Sadakat ve kârlılığın matematiği,Verimlilik,İş Dünyası,Sadakat Etkisi,Frederick Reichheld,1,Temel,10,4,10,13,7,5,13,4,66,Düşük öncelik,Carousel,Sadakat matematiği somut sonuç vadediyor; sayıların ekranda canlandırılması videoyu güçlendirir.,Kaynak kontrolü önerilir
668,1452,İnanç ve gerçekleşme döngüsü,Büyüme,Motivasyon,Bilinçaltının Gücü,Joseph Murphy,1,Temel,10,5,10,13,7,5,13,3,66,Düşük öncelik,Carousel,İnanç-düşünce-eylem döngüsü sade ve uygulanabilir; bilimsel kesinlik tonu yumuşatılırsa güven artar.,Kaynak kontrolü şart
669,1533,Faydaları açıklamanın paradoksu,Finans,Satış,SPIN Satış,Neil Rackham,1,Temel,10,4,10,13,7,5,13,4,66,Düşük öncelik,Carousel,Özelliği erken anlatma hatası satışçılara tanıdık geliyor; kısa diyalog canlandırmasıyla iyi video olur.,Kaynak kontrolü önerilir
670,1580,Kafa kafaya bilgi — asimetrik bilginin ortadan kalkması,Finans,Satış,Satışın Yeni Yüzü,Daniel Pink,1,Temel,10,4,10,13,7,5,13,4,66,Düşük öncelik,Carousel,Bilgi simetrisinin satışı değiştirmesi güncel ve faydalı; soyut ekonomi dili insani bir örnek gerektiriyor.,Kaynak kontrolü önerilir
671,1252,Einstein'ın görsel düşünme sırrı,Felsefe,Öğrenme,Zihin Haritası,Tony Buzan,1,Temel,12,5,9,12,7,6,13,2,66,Düşük öncelik,Carousel,Einstein sahnesi görsel açıdan güçlü; zihin haritasının kanıtlandığı ve araştırma etkisi iddiaları fazla kesin.,Kaynak kontrolü şart
672,1301,Dünya dört gelir düzeyinde,Felsefe,Düşünme,Akıl Yürütme,Hans Rosling,1,Temel,11,5,9,12,8,6,13,2,66,Düşük öncelik,Carousel,Dört gelir düzeyi ikili dünya algısını kırıyor; rakamlar güncel yıl ve satın alma gücüyle yenilenmeli.,Kaynak kontrolü şart
673,1341,Başarının yeni tanımı,Sağlık,Sağlık,Uyku Devrimi,Arianna Huffington,1,Temel,10,6,9,11,8,6,13,3,66,Düşük öncelik,Carousel,Başarıyı refahla genişletmek anlamlı; dingil-tabure metaforu karışıyor ve maddeler anlatıdan çok liste kalıyor.,Kaynak kontrolü şart
674,1416,Zemin yasası — güven liderliğin temelidir,Liderlik,Liderlik,Liderlik 21 Yasası,John C. Maxwell,1,Temel,10,6,9,11,8,6,13,3,66,Düşük öncelik,Carousel,Karakter-zemin metaforu anlaşılır ama klişe; somut çöküş örneği yok ve metinde dil hataları bulunuyor.,Kaynak kontrolü şart
675,1199,Hemingway'in sabah ritmi,Verimlilik,Verimlilik,Saatlerin Efendisi,Daniel Pink,1,Temel,12,6,8,12,8,6,13,1,66,Düşük öncelik,Carousel,"Hemingway ritmi görsel ve uygulanabilir; sabah analiz, öğleden sonra yaratıcılık genellemesi güven zedeliyor.",Kaynak kontrolü şart
676,1310,Geri bildirim döngüleri ve kendi kendini besleyen kısır döngüler,Felsefe,Düşünme,Thinking in Systems,Donella Meadows,1,Temel,10,5,9,13,8,5,12,4,66,Düşük öncelik,Carousel,Geri bildirim döngüleri faydalı bir düşünme aracı; insan sahnesi ve şaşırtıcı dönüş olmadığı için video enerjisi düşük.,Kaynak kontrolü önerilir
677,1064,Google çalışanına verilen dürüst geri bildirim,Liderlik,Liderlik,Dürüst Olmak,Kim Scott,1,Temel,11,7,8,11,9,6,12,2,66,Düşük öncelik,Carousel,Dürüstlük ikilemi iyi bir sohbet açıyor; isimsiz Google anekdotu ve kariyer dönüşümü yeterince doğrulanmıyor.,Kaynak kontrolü şart
678,1071,Adam Grant'in toplu e-posta stratejisi,Verimlilik,Verimlilik,Derin Çalışma,Cal Newport,1,Temel,12,6,8,13,7,6,12,2,66,Düşük öncelik,Carousel,E-postaları toplama fikri pratik ve kaydedilir; verimliliğin ikiye katlandığı iddiası kaynak gerektiriyor.,Kaynak kontrolü şart
679,1175,Eleştiri yerine soru sormak,İletişim,İletişim,İkna Sanatı,Dale Carnegie,1,Temel,11,7,8,12,9,6,12,1,66,Düşük öncelik,Carousel,Azar yerine soru sorma hemen uygulanır; isimsiz fabrika olayı özgünlük ve güven üretmiyor.,Kaynak kontrolü şart
680,1082,Kirpi Konsepti,Verimlilik,İş Dünyası,Good to Great,Jim Collins,1,Temel,11,6,8,13,8,5,11,4,66,Düşük öncelik,Carousel,Kirpi ve üç daire kaydedilebilir bir çerçeve; karakter ve olay eksikliği videoda duyguyu azaltıyor.,Kaynak kontrolü önerilir
681,1130,Şampiyonların sırrı: zorluğu sevmek,Psikoloji,Psikoloji,Büyüme Zihniyeti,Carol Dweck,1,Temel,11,7,8,12,9,5,11,3,66,Düşük öncelik,Carousel,Tehdit ve fırsat karşıtlığı faydalı; belirli sporcu veya çalışma olmayınca anlatı genel motivasyonda kalıyor.,Kaynak kontrolü şart
682,1138,Güven vergisi ve güven temettüsü,Liderlik,Liderlik,Hız ve Güven,Stephen M. R. Covey,1,Temel,11,6,8,13,8,5,11,4,66,Düşük öncelik,Carousel,Vergi ve temettü çerçevesi iş hayatında kaydedilir; karakter ve olay olmayınca video anlatısı kuru kalıyor.,Kaynak kontrolü önerilir
683,1157,Zorlukları hediyeye çevirmek,Psikoloji,Psikoloji,Olumlu Zeka,Shirzad Chamine,1,Temel,11,7,8,12,9,5,11,3,66,Düşük öncelik,Carousel,Tehdit mi ders mi sorusu kullanışlı fakat belirli vaka yok; olumlu yeniden çerçeveleme genel kalıyor.,Kaynak kontrolü şart
684,1183,Finansal özgürlüğün beş adımı,Finans,Finans,Money: Master the Game,Tony Robbins,1,Temel,11,6,8,15,8,4,11,3,66,Düşük öncelik,Carousel,"Beş finans adımı pratik bir liste; anlatı, duygu ve yatırım risklerine ilişkin nüans sınırlı.",Kaynak kontrolü şart
685,1625,Rolü tersine çevirmek — ebeveynin çocuğu olan çocuk,Psikoloji,Psikoloji,Duygusal Olgunlaşmamış Ebeveynler,Lindsay Gibson,1,Temel,9,8,10,9,7,5,14,3,65,Düşük öncelik,Kart testi,Duygusal karşıtlık paylaşma ve kişisel anlatma isteğini yükseltiyor; olay örgüsü geliştirilmeli.,Kaynak kontrolü şart
686,1640,Utanç ve suçluluk — birbirinden çok farklı iki his,Büyüme,Kişisel Gelişim,Özgür Olmak 2,Brené Brown,1,Temel,9,7,10,7,7,7,14,4,65,Düşük öncelik,Kart testi,Duygusal karşıtlık paylaşma ve kişisel anlatma isteğini yükseltiyor; ilk saniye etkisi geliştirilmeli.,Kaynak kontrolü önerilir
687,1653,Yaşam kalitesi ve akış — mutluluğun yanlış aranması,Psikoloji,Psikoloji,Akış Bulmak,Mihaly Csikszentmihalyi,1,Temel,9,7,10,9,7,5,14,4,65,Düşük öncelik,Kart testi,Duygusal karşıtlık paylaşma ve kişisel anlatma isteğini yükseltiyor; olay örgüsü geliştirilmeli.,Kaynak kontrolü önerilir
688,1664,Acı bedeni — geçmişin duygusal tortusu,Psikoloji,Farkındalık,Yeni Toprak,Eckhart Tolle,1,Temel,9,6,10,10,6,6,14,4,65,Düşük öncelik,Kart testi,"Uygulanabilir çerçeve, hikâyeyi geri dönüp kaydetmeye değer kılıyor; olay örgüsü geliştirilmeli.",Kaynak kontrolü önerilir
689,1675,Kimlik temelli alışkanlıklar — ben bu tür biriyim,Liderlik,Yönetim,Başarılı Değişim,James Clear,1,Temel,9,5,10,10,6,7,14,4,65,Düşük öncelik,Kart testi,"Uygulanabilir çerçeve, hikâyeyi geri dönüp kaydetmeye değer kılıyor; ilk saniye etkisi geliştirilmeli.",Kaynak kontrolü önerilir
690,1258,Büyük İskender'in hareketsizlik dersi,Felsefe,Felsefe,Stillness Is the Key,Ryan Holiday,1,Temel,11,6,9,10,7,7,14,1,65,Düşük öncelik,Kart testi,Bekleyişten zafere geçiş sinematik; İskender anekdotu kaynak ve somut savaş bilgisi olmadan güven vermiyor.,Kaynak kontrolü şart
691,1091,Jack Canfield'ın 100 dolarlık banknot hedefi,Verimlilik,Verimlilik,Odaklanma Gücü,Jack Canfield,1,Temel,13,7,9,9,8,6,13,0,65,Düşük öncelik,Kart testi,Aynadaki banknot ve on iki kat gelir dikkat çekiyor; görselleştirmenin başarıyı yarattığı çıkarımı güven vermiyor.,Kaynak kontrolü şart
692,1173,Köpek çalınan adam,İletişim,İletişim,İkna Sanatı,Dale Carnegie,1,Temel,12,7,8,9,9,6,13,1,65,Düşük öncelik,Kart testi,Köpeği dinleyerek geri alma sıcak bir mesaj taşıyor; Roosevelt bağlantısı ve olayın kaynağı belirsiz.,Kaynak kontrolü şart
693,1286,Koşullar değil karakter belirler,Felsefe,Felsefe,İnsan Nasıl Düşünür,James Allen,1,Temel,11,7,8,10,8,6,13,2,65,Düşük öncelik,Kart testi,Karakter-rotası sözü akılda kalıyor; koşulları kişisel düşünceye bağlamak suçlayıcı ve kanıtsız görünebilir.,Kaynak kontrolü şart
694,1439,Rasyonel şefkat — empatinin ötesi,Psikoloji,Psikoloji,Against Empathy,Paul Bloom,1,Temel,10,5,10,12,7,5,12,4,65,Düşük öncelik,Carousel,Rasyonel şefkat ayrımı düşündürücü ve faydalı; somut karakter olmadığı için yayılma gücü orta.,Kaynak kontrolü önerilir
695,1498,Beş kabile aşaması,Liderlik,Liderlik,Kabile Liderliği,Dave Logan,1,Temel,10,4,9,14,7,5,12,4,65,Düşük öncelik,Carousel,Beş kabile aşaması ekipleri teşhis etmeye yarıyor; model yoğunluğu kısa videoda sadeleştirme gerektirir.,Kaynak kontrolü önerilir
696,1505,BATNA — en iyi alternatif,İletişim,Müzakere,Müzakerede Evet Almak,Roger Fisher,1,Temel,10,3,9,14,7,5,12,5,65,Düşük öncelik,Carousel,BATNA pazarlık öncesi net bir araç sunuyor; eğitim değeri yüksek ama duygu ve doğal paylaşım dürtüsü sınırlı.,Standart doğrulama
697,1532,Dört soru türü ve ihtiyaç keşfi,Finans,Satış,SPIN Satış,Neil Rackham,1,Temel,9,3,9,15,7,5,12,5,65,Düşük öncelik,Carousel,SPIN'in dört sorusu çok kaydedilebilir bir şablon; liste yapısı ve kurumsal ton viral duyguyu azaltıyor.,Standart doğrulama
698,1093,Odak sistemi ve kurbağayı yemek,Verimlilik,Verimlilik,Odaklanma Gücü,Jack Canfield,1,Temel,12,6,8,13,8,5,12,1,65,Düşük öncelik,Carousel,Kurbağa metaforu kaydedilir ama çok tanıdık; başarı örüntüsü kanıtlanmış gibi sunuluyor.,Kaynak kontrolü şart
699,1229,Enerji yönetimi ve niyet,Büyüme,Kişisel Gelişim,Yüksek Performans,Brendon Burchard,1,Temel,11,6,8,12,9,5,11,3,65,Düşük öncelik,Carousel,Zaman yerine enerji yönetimi yararlı ama olay ve veri yok; niyet sorusu kaydetmeye değer.,Kaynak kontrolü şart
700,1634,Dopamin ve anlam — DEHB beyninin gerçek ihtiyacı,Psikoloji,Psikoloji,Dağınık Beyin,Gabor Maté,1,Temel,9,7,10,9,7,5,14,3,64,Düşük öncelik,Kart testi,Duygusal karşıtlık paylaşma ve kişisel anlatma isteğini yükseltiyor; olay örgüsü geliştirilmeli.,Kaynak kontrolü şart
701,1643,Hikaye tamamlama — beyin boşluğu nasıl dolduruyor,Büyüme,Dayanıklılık,Güçlü Kalkmak,Brené Brown,1,Temel,9,5,10,10,6,6,14,4,64,Düşük öncelik,Kart testi,"Uygulanabilir çerçeve, hikâyeyi geri dönüp kaydetmeye değer kılıyor; olay örgüsü geliştirilmeli.",Kaynak kontrolü önerilir
702,1649,Kıskançlık ve haset — sık karıştırılan iki ayrı yara,Psikoloji,Duygular,Kalbin Haritası,Brené Brown,1,Temel,9,7,10,7,7,6,14,4,64,Düşük öncelik,Kart testi,Duygusal karşıtlık paylaşma ve kişisel anlatma isteğini yükseltiyor; olay örgüsü geliştirilmeli.,Kaynak kontrolü önerilir
703,1654,Yaratıcı kişilik — paradoksların insanı,Verimlilik,Yaratıcılık,Yaratıcılık ve Akış,Mihaly Csikszentmihalyi,1,Temel,10,4,10,10,6,5,14,5,64,Düşük öncelik,Kart testi,Somut sahne ve sayısal ayrıntı güçlü bir video açılışı sağlıyor; olay örgüsü geliştirilmeli.,Standart doğrulama
704,1676,İki dakika kuralı — başlamak bitirmekten önemlidir,Liderlik,Yönetim,Başarılı Değişim,James Clear,1,Temel,9,4,10,10,6,7,14,4,64,Düşük öncelik,Kart testi,"Uygulanabilir çerçeve, hikâyeyi geri dönüp kaydetmeye değer kılıyor; ilk saniye etkisi geliştirilmeli.",Kaynak kontrolü önerilir
705,1682,Hafıza ve Google etkisi — bilgiyi saklamaktan aramaya geçiş,Bilim,Teknoloji,The Shallows,Nicholas Carr,1,Temel,9,7,10,7,7,6,14,4,64,Düşük öncelik,Kart testi,Duygusal karşıtlık paylaşma ve kişisel anlatma isteğini yükseltiyor; olay örgüsü geliştirilmeli.,Kaynak kontrolü önerilir
706,1689,EQ neden IQ'dan daha belirleyici — başarının gizli faktörü,Psikoloji,Psikoloji,Bütünleşik Zekanın Gücü,Travis Bradberry,1,Temel,10,5,10,8,6,6,14,5,64,Düşük öncelik,Kart testi,Somut sahne ve sayısal ayrıntı güçlü bir video açılışı sağlıyor; olay örgüsü geliştirilmeli.,Standart doğrulama
707,1670,Öfkeli bebeği taşımak — şefkatli bakım pratiği,Psikoloji,Psikoloji,Öfke,Thich Nhat Hanh,1,Temel,9,7,9,8,7,6,14,4,64,Düşük öncelik,Kart testi,Duygusal karşıtlık paylaşma ve kişisel anlatma isteğini yükseltiyor; olay örgüsü geliştirilmeli.,Kaynak kontrolü önerilir
708,1590,mTOR ve AMPK — hücrenin büyüme-onarım dengesi,Sağlık,Sağlık,Uzun Yaşam Bilimi,David Sinclair,1,Temel,10,4,10,13,7,5,13,2,64,Düşük öncelik,Carousel,mTOR ve AMPK anahtar metaforu anlaşılır; karmaşık biyolojiyi iki düğmeye indirmek güveni sınırlıyor.,Kaynak kontrolü şart
709,1470,Bitişen olasılıklar — sınırı genişletmek,Verimlilik,Yaratıcılık,Büyük Fikirler,Steven Johnson,1,Temel,10,4,9,12,7,5,13,4,64,Düşük öncelik,Carousel,Bitişik mümkün kavramı yeniliği sadeleştiriyor; soyut kaldığı için güçlü görseller ve örnekler gerektiriyor.,Kaynak kontrolü önerilir
710,1240,Köpek çalan komşuya farklı yaklaşım,İletişim,İletişim,İkna Sanatı,Dale Carnegie,1,Temel,11,7,8,9,9,6,13,1,64,Düşük öncelik,Kart testi,Suçlamak yerine dinlemek yararlı; benzer köpek öyküsünü tekrar ediyor ve olayın gerçek kaynağı belirsiz.,Kaynak kontrolü şart
711,1531,Büyük satışın küçük satıştan farkı,Finans,Satış,SPIN Satış,Neil Rackham,1,Temel,10,4,10,12,7,5,12,4,64,Düşük öncelik,Carousel,Büyük ve küçük satış farkı iş kitlesini yakalar; somut müşteri karakteri eklenirse anlatı daha güçlü olur.,Kaynak kontrolü önerilir
712,1109,IQ'yu geçen EQ deneyi,Psikoloji,Psikoloji,Emotional Intelligence,Daniel Goleman,1,Temel,12,7,9,11,8,5,12,0,64,Düşük öncelik,Carousel,IQ-EQ karşıtlığı dikkat çekiyor; isimsiz Harvard araştırması ve üstünlük iddiası güvenilir sunulmuyor.,Kaynak kontrolü şart
713,1084,"Önce kim, sonra ne",Verimlilik,İş Dünyası,Good to Great,Jim Collins,1,Temel,11,6,8,12,8,5,11,3,64,Düşük öncelik,Carousel,Otobüs metaforu kolay anlatılır fakat somut vaka zayıf; insan seçimine dair nüansları basitleştiriyor.,Kaynak kontrolü şart
714,1139,Güven inşasının dört çekirdeği,Liderlik,Liderlik,Hız ve Güven,Stephen M. R. Covey,1,Temel,10,6,8,14,8,4,10,4,64,Düşük öncelik,Carousel,"Dört güven bileşeni iyi bir kontrol listesi; hikâye, gerilim ve görsel dönüşüm bulunmuyor.",Kaynak kontrolü önerilir
715,1672,Derin çalışma — yüzeysel çalışmanın antitezi,Verimlilik,Verimlilik,Konsantrasyon Gücü,CNewport,1,Temel,9,5,10,9,6,6,14,4,63,Düşük öncelik,Kart testi,"Uygulanabilir çerçeve, hikâyeyi geri dönüp kaydetmeye değer kılıyor; olay örgüsü geliştirilmeli.",Kaynak kontrolü önerilir
716,1685,Düşünce kancaları — zihni ele geçiren hikayeler,Psikoloji,Psikoloji,Duygusal Çeviklik,Susan David,1,Temel,9,4,10,8,6,8,14,4,63,Düşük öncelik,Kart testi,Somut nesne veya sahne kısa videoda kolayca görselleşebilir; ilk saniye etkisi geliştirilmeli.,Kaynak kontrolü önerilir
717,1104,Bismarck'ın savaşmadan kazanma sanatı,Liderlik,Strateji,Güç Yasaları,Robert Greene,1,Temel,13,6,8,8,8,6,14,0,63,Düşük öncelik,Kart testi,Bismarck sahnesi görsel ancak savaşmadan birleşme iddiası tarihsel olarak yanlış; yeniden yazım gerekir.,Kaynak kontrolü şart
718,1328,Ayna ilkesi ve dış yansıma,Büyüme,Motivasyon,The Success Principles,Jack Canfield,1,Temel,12,6,8,9,8,6,13,1,63,Düşük öncelik,Kart testi,İnanç-davranış bağı tartışmaya değer; dış dünyayı iç inançların aynası saymak aşırı ve suçlayıcı.,Kaynak kontrolü şart
719,1500,Liderlik ve kültür şekillendirme,Liderlik,Liderlik,Kabile Liderliği,Dave Logan,1,Temel,9,4,9,13,7,5,12,4,63,Düşük öncelik,Carousel,Kültürün lider davranışından doğması doğru ve yararlı; somut olay eksikliği paylaşılabilirliği sınırlıyor.,Kaynak kontrolü önerilir
720,1509,Kısa vadeli kazanımlar ve değişim momentumu,Liderlik,Yönetim,Değişim Yönetimi,John Kotter,1,Temel,9,4,9,13,7,5,12,4,63,Düşük öncelik,Carousel,Kısa vadeli kazanımlar ilerlemeyi görünür kılıyor; örnek eklenirse video ritmi ve paylaşım değeri yükselir.,Kaynak kontrolü önerilir
721,1514,İki tür inovasyon,Verimlilik,İş Dünyası,Yıkıcı İnovasyon,Clayton Christensen,1,Temel,9,3,9,13,7,5,12,5,63,Düşük öncelik,Carousel,Sürdürücü ve yıkıcı yenilik ayrımı stratejik olarak değerli; kavramsal yoğunluk duygusal etkiyi azaltıyor.,Standart doğrulama
722,1528,Scrum'ın doğuşu,Liderlik,Yönetim,Çevik Yönetim,Jeff Sutherland,1,Temel,9,3,9,13,7,5,12,5,63,Düşük öncelik,Carousel,Scrum'ın kısa döngüleri ekipler için yararlı; geniş kitlede duygu ve özgün hikâye çekiciliği düşük.,Standart doğrulama
723,1092,Bir yıl 101 hedef deneyi,Verimlilik,Verimlilik,Odaklanma Gücü,Jack Canfield,1,Temel,12,7,8,11,8,5,12,0,63,Düşük öncelik,Carousel,101 hedef egzersizi denenebilir; yüzde 70-80 başarı ve araştırma karşılaştırması kaynaksız anlatılıyor.,Kaynak kontrolü şart
724,1103,Beş saniyelik kural ve erken kalkma,Sağlık,Alışkanlıklar,Sabah Rutini,Hal Elrod,1,Temel,12,6,8,11,8,5,12,1,63,Düşük öncelik,Carousel,Alarm sahnesi tanıdık ve uygulanabilir; beynin beş saniyede yetişemediği açıklaması kanıtsız.,Kaynak kontrolü şart
725,1134,Bilinçdışının gizli gücü,Psikoloji,Psikoloji,Sosyal Hayvan,David Brooks,1,Temel,12,6,8,11,8,5,12,1,63,Düşük öncelik,Carousel,Kararların yüzde doksanı iddiası güçlü kanca ama belirsiz ve aşırı; bilinçdışı fikri fazla genelleniyor.,Kaynak kontrolü şart
726,1145,"Kolay olmayacak, devam et",Büyüme,Motivasyon,Fark Yaratmak,William H. McRaven,1,Temel,11,7,8,10,9,5,11,2,63,Düşük öncelik,Kart testi,Bu geçecek sözü duygusal ama isimsiz eğitimci ve genel öğüt özgünlük ile güveni azaltıyor.,Kaynak kontrolü şart
727,1655,"Yaratıcı süreç — hazırlık, kuluçka ve aydınlanma",Verimlilik,Yaratıcılık,Yaratıcılık ve Akış,Mihaly Csikszentmihalyi,1,Temel,9,4,10,9,6,6,14,4,62,Düşük öncelik,Kart testi,"Uygulanabilir çerçeve, hikâyeyi geri dönüp kaydetmeye değer kılıyor; olay örgüsü geliştirilmeli.",Kaynak kontrolü önerilir
728,1674,Derin çalışma ritüelleri — kapasitenin kasıtlı inşası,Verimlilik,Verimlilik,Konsantrasyon Gücü,CNewport,1,Temel,9,5,10,9,6,5,14,4,62,Düşük öncelik,Kart testi,"Uygulanabilir çerçeve, hikâyeyi geri dönüp kaydetmeye değer kılıyor; olay örgüsü geliştirilmeli.",Kaynak kontrolü önerilir
729,1442,Görünürlük ve geri bildirim — iyi tasarımın iki direği,Verimlilik,Tasarım,Gündelik Nesneler Tasarımı,Don Norman,1,Temel,9,4,9,12,7,4,12,5,62,Düşük öncelik,Carousel,Görünürlük ve geri bildirim ilkeleri tasarımcıya yararlı; anlatıdan çok eğitim kartı gibi çalışıyor.,Standart doğrulama
730,1507,Sekiz adım ve hata bir,Liderlik,Yönetim,Değişim Yönetimi,John Kotter,1,Temel,9,3,9,13,7,5,12,4,62,Düşük öncelik,Carousel,Değişimde aciliyet yaratma iş liderlerine yararlı; yüzde 70 iddiası kaynak ister ve anlatı kurumsal kalıyor.,Kaynak kontrolü önerilir
731,1445,Net Tavsiye Skoru'nun doğuşu,Verimlilik,İş Dünyası,Sadakat Etkisi,Frederick Reichheld,1,Temel,9,3,8,13,6,6,12,5,62,Düşük öncelik,Carousel,"NPS yöntemi pratik ve kaydedilir; ancak kurumsal anlatım duygu, sesli not ve viral görsellikte zayıf.",Standart doğrulama
732,1530,Tahmin etmek değil ölçmek,Liderlik,Yönetim,Çevik Yönetim,Jeff Sutherland,1,Temel,9,3,8,13,6,6,12,5,62,Düşük öncelik,Carousel,"Hız ölçümü proje ekiplerine pratik değer sağlar; teknik konu paylaşım, duygu ve sesli not isteğini sınırlıyor.",Standart doğrulama
733,1262,Genç askerin kibri,Felsefe,Felsefe,Ego Is the Enemy,Ryan Holiday,1,Temel,10,6,9,11,7,5,11,3,62,Düşük öncelik,Carousel,Ego ve öğrenme mesajı yararlı ama başlığın vadettiği somut asker öyküsü yok; anlatı genellemelerde kalıyor.,Kaynak kontrolü şart
734,1460,Beş yetkinlik çerçevesi,Liderlik,Liderlik,İş Hayatında Duygusal Zeka,Daniel Goleman,1,Temel,9,5,9,14,7,5,11,2,62,Düşük öncelik,Carousel,Beş EQ yetkinliği faydalı bir kontrol listesi; yüksek başarı yüzdesi iddiası güven ve paylaşımı sınırlıyor.,Kaynak kontrolü şart
735,1506,Nesnel kriterler ve meşruiyet,İletişim,Müzakere,Müzakerede Evet Almak,Roger Fisher,1,Temel,9,3,9,13,6,6,11,5,62,Düşük öncelik,Carousel,"Objektif kriter ilkesi sağlam ve faydalı; hikâye, karakter ve görsel sürpriz eksikliği viral etkiyi düşürüyor.",Standart doğrulama
736,1508,Güçlendirici koalisyon,Liderlik,Yönetim,Değişim Yönetimi,John Kotter,1,Temel,9,4,9,13,6,6,11,4,62,Düşük öncelik,Carousel,Rehber koalisyon ekip yönetiminde kaydedilebilir; teknik çerçeve tek başına güçlü duygu üretmiyor.,Kaynak kontrolü önerilir
737,1541,SQVID çerçevesi — doğru görseli seçmek,Verimlilik,Yaratıcılık,Peçete Arkası,Dan Roam,1,Temel,9,3,9,13,6,6,11,5,62,Düşük öncelik,Carousel,SQVID beşlisi sunum tasarlayanlara yararlı; adı ve soyut çerçevesi geniş kitlede düşük duygu yaratıyor.,Standart doğrulama
738,1549,Vizyonun kağıtta kalması — EOS neden işletmeleri kurtarıyor,Liderlik,Yönetim,Ölçülebilir Büyüme,Gino Wickman,1,Temel,9,3,9,13,6,6,11,5,62,Düşük öncelik,Carousel,"EOS vizyon çerçevesi işletmeler için düzenleyici; genel izleyicide olay, karakter ve duygu üretmiyor.",Standart doğrulama
739,1555,Business Model Canvas — bir sayfada tüm iş modeli,Verimlilik,Girişimcilik,İş Modeli Üretimi,Alexander Osterwalder,1,Temel,9,3,9,14,6,5,11,5,62,Düşük öncelik,Carousel,İş Modeli Kanvası dokuz kutuyla çok kaydedilebilir; geniş kitle için duygu ve video hikâyesi sınırlı.,Standart doğrulama
740,1529,Günlük stand-up ve şeffaflık,Liderlik,Yönetim,Çevik Yönetim,Jeff Sutherland,1,Temel,9,4,8,13,7,5,11,5,62,Düşük öncelik,Carousel,"Üç soruluk günlük toplantı doğrudan kullanılabilir; içerik daha çok eğitim notu, daha az sosyal medya hikâyesi.",Standart doğrulama
741,1551,Haftalık L10 toplantısı — kaosun ritme dönüşmesi,Liderlik,Yönetim,Ölçülebilir Büyüme,Gino Wickman,1,Temel,9,3,8,14,6,6,11,5,62,Düşük öncelik,Carousel,L10 toplantı sistemi kaydetmelik bir yönetim aracı; teknik format sosyal paylaşım ve duygusal bağda zayıf.,Standart doğrulama
742,1434,Şeffaflık ve hizalanma,Liderlik,Yönetim,Büyüme Kültürü,John Doerr,1,Temel,9,4,9,13,6,6,10,5,62,Düşük öncelik,Carousel,Şeffaf OKR fikri ekipler için faydalı; fakat dramatik gerilim ve görsel çeşit sınırlı.,Standart doğrulama
743,1208,Karakter ve koşullar,Felsefe,Felsefe,İnsan Nasıl Düşünür,James Allen,1,Temel,12,6,7,10,8,5,12,1,61,Düşük öncelik,Kart testi,İç tutum mesajı düşündürücü; dış koşulları kişinin yarattığı iddiası mağduru suçlama ve doğruluk riski taşır.,Kaynak kontrolü şart
744,1254,Her iki beyin yarımküresini birlikte kullanmak,Felsefe,Öğrenme,Zihin Haritası,Tony Buzan,1,Temel,11,6,7,10,7,6,12,1,60,Düşük öncelik,Kart testi,Zihin haritası kullanışlı olsa da sol-sağ beyin ayrımı nöromit niteliğinde; anlatının temeli yeniden kurulmalı.,Kaynak kontrolü şart
745,1102,SAVERS — altı alışkanlığın bilimi,Sağlık,Alışkanlıklar,Sabah Rutini,Hal Elrod,1,Temel,11,6,7,13,7,4,11,1,60,Düşük öncelik,Carousel,"SAVERS listesi kaydedilebilir; olumlama, nöron ve toplam etki iddiaları bilimsel olarak aşırı kesin.",Kaynak kontrolü şart
746,1106,Sergileme ve itibar yasası,Liderlik,Strateji,Güç Yasaları,Robert Greene,1,Temel,10,6,7,11,8,4,10,4,60,Düşük öncelik,Carousel,"İtibar dersi doğru ve kaydedilir, fakat Nixon dışında olay örgüsü yok; kısa videoda genel kalıyor.",Kaynak kontrolü önerilir
747,1216,Tek gemi filosu,Verimlilik,Verimlilik,Minimalizm,Greg McKeown,1,Temel,10,6,7,12,8,4,10,2,59,Düşük öncelik,Carousel,Tek noktada güç fikri yararlı; başlığın vaat ettiği tarihsel filo hikâyesi yok ve Apple örneği yüzeysel.,Kaynak kontrolü şart
748,1156,PQ — olumlu zeka kası,Psikoloji,Psikoloji,Olumlu Zeka,Shirzad Chamine,1,Temel,11,6,7,11,8,4,11,0,58,Düşük öncelik,Carousel,PQ kası kolay anlaşılır; 177 ülke ve 500 bin kişi iddiası bağımsız bilimsel destek olmadan güven vermiyor.,Kaynak kontrolü şart
749,1225,Hız okuma ve anlama,Felsefe,Öğrenme,İnsan Beyninin Gücü,Jim Kwik,1,Temel,12,5,7,10,6,4,11,0,55,Düşük öncelik,Kart testi,Hızlı okuma vaadi dikkat çeker; iç sesi azaltıp anlamayı koruma ve üç kat hız iddiaları bilimsel açıdan zayıf.,Kaynak kontrolü şart
750,1077,500 dolarlık karar,Büyüme,Motivasyon,Düşün ve Zengin Ol,Napoleon Hill,1,Temel,10,6,6,8,7,5,11,0,53,Düşük öncelik,Kart testi,"500 dolardan milyonlara vaat dikkat çekse de kişi, iş ve kanıt yok; anlatı motivasyon klişesinde kalıyor.",Kaynak kontrolü şart
